Timestamp,Engine_Load
2025-05-30 07:56:12.958842,45.236893605338445
2025-05-30 07:56:42.958842,36.37622623101372
2025-05-30 07:57:12.958842,61.58946904855774
2025-05-30 07:57:42.958842,29.641714618421588
2025-05-30 07:58:12.958842,50.77502490552194
2025-05-30 07:58:42.958842,57.001252472664014
2025-05-30 07:59:12.958842,41.874427323936885
2025-05-30 07:59:42.958842,41.80733175722483
2025-05-30 08:00:12.958842,50.084543985504354
2025-05-30 08:00:42.958842,65.88982593757616
2025-05-30 08:01:12.958842,53.8549523522469
2025-05-30 08:01:42.958842,38.997001722383075
2025-05-30 08:02:12.958842,47.26047324131474
2025-05-30 08:02:42.958842,49.477641102650935
2025-05-30 08:03:12.958842,37.45625574243835
2025-05-30 08:03:42.958842,36.99378312101548
2025-05-30 08:04:12.958842,45.8200076545139
2025-05-30 08:04:42.958842,66.07168974039237
2025-05-30 08:05:12.958842,45.28955480837096
2025-05-30 08:05:42.958842,58.40963400181654
2025-05-30 08:06:12.958842,55.60481291893571
2025-05-30 08:06:42.958842,37.31298128390617
2025-05-30 08:07:12.958842,45.94073787950531
2025-05-30 08:07:42.958842,67.81222969804374
2025-05-30 08:08:12.958842,43.389699718850565
2025-05-30 08:08:42.958842,64.10922997248623
2025-05-30 08:09:12.958842,48.71809405747255
2025-05-30 08:09:42.958842,41.86036545746351
2025-05-30 08:10:12.958842,49.05814741183479
2025-05-30 08:10:42.958842,54.333916315088764
2025-05-30 08:11:12.958842,32.21492375831793
2025-05-30 08:11:42.958842,41.06974948055399
2025-05-30 08:12:12.958842,41.84902324037277
2025-05-30 08:12:42.958842,58.773550087735956
2025-05-30 08:13:12.958842,40.62424237229783
2025-05-30 08:13:42.958842,48.6201875847332
2025-05-30 08:14:12.958842,46.79054015366442
2025-05-30 08:14:42.958842,52.41926044019211
2025-05-30 08:15:12.958842,60.32234280992436
2025-05-30 08:15:42.958842,60.31799041613008
2025-05-30 08:16:12.958842,54.057929643542295
2025-05-30 08:16:42.958842,45.241527321381625
2025-05-30 08:17:12.958842,50.278230933069544
2025-05-30 08:17:42.958842,49.50534404518544
2025-05-30 08:18:12.958842,45.49628456549077
2025-05-30 08:18:42.958842,54.18418513397542
2025-05-30 08:19:12.958842,45.208736446567244
2025-05-30 08:19:42.958842,49.20210236731178
2025-05-30 08:20:12.958842,63.96996761542134
2025-05-30 08:20:42.958842,70.24079436809075
2025-05-30 08:21:12.958842,73.46961067998978
2025-05-30 08:21:42.958842,49.93242431309442
2025-05-30 08:22:12.958842,51.27767572617692
2025-05-30 08:22:42.958842,71.46846088084529
2025-05-30 08:23:12.958842,38.373358393673634
2025-05-30 08:23:42.958842,41.63560464906509
2025-05-30 08:24:12.958842,45.647573352110975
2025-05-30 08:24:42.958842,56.68148965156774
2025-05-30 08:25:12.958842,53.44580498553903
2025-05-30 08:25:42.958842,58.25669852501766
2025-05-30 08:26:12.958842,60.644084008922356
2025-05-30 08:26:42.958842,34.01550661376928
2025-05-30 08:27:12.958842,65.93190037300262
2025-05-30 08:27:42.958842,50.73123121920372
2025-05-30 08:28:12.958842,38.487558243533
2025-05-30 08:28:42.958842,39.96509837863041
2025-05-30 08:29:12.958842,37.46385174081672
2025-05-30 08:29:42.958842,44.29846632267729
2025-05-30 08:30:12.958842,33.7935526965451
2025-05-30 08:30:42.958842,46.74604648346892
2025-05-30 08:31:12.958842,65.10704130299598
2025-05-30 08:31:42.958842,40.2607171057784
2025-05-30 08:32:12.958842,43.094802825738284
2025-05-30 08:32:42.958842,51.980711484485994
2025-05-30 08:33:12.958842,42.697654110105105
2025-05-30 08:33:42.958842,44.14813618886758
2025-05-30 08:34:12.958842,59.04348329495775
2025-05-30 08:34:42.958842,46.33505837465285
2025-05-30 08:35:12.958842,56.00093241180197
2025-05-30 08:35:42.958842,39.84630546783066
2025-05-30 08:36:12.958842,51.66162835222389
2025-05-30 08:36:42.958842,44.878555224336424
2025-05-30 08:37:12.958842,52.08939446060721
2025-05-30 08:37:42.958842,60.98575366952036
2025-05-30 08:38:12.958842,41.08211200636825
2025-05-30 08:38:42.958842,30.41025261240838
2025-05-30 08:39:12.958842,54.53940101234712
2025-05-30 08:39:42.958842,28.79732125116888
2025-05-30 08:40:12.958842,53.89987162899934
2025-05-30 08:40:42.958842,49.38947604802308
2025-05-30 08:41:12.958842,57.07428345692906
2025-05-30 08:41:42.958842,44.36424196674987
2025-05-30 08:42:12.958842,45.90377918542066
2025-05-30 08:42:42.958842,48.10243301669524
2025-05-30 08:43:12.958842,62.14140930400318
2025-05-30 08:43:42.958842,54.402098707900194
2025-05-30 08:44:12.958842,20.0
2025-05-30 08:44:42.958842,42.20491297322446
2025-05-30 08:45:12.958842,50.13179212590569
2025-05-30 08:45:42.958842,36.74654916128604
2025-05-30 08:46:12.958842,39.03204503583498
2025-05-30 08:46:42.958842,69.56010509358504
2025-05-30 08:47:12.958842,62.876119223661114
2025-05-30 08:47:42.958842,52.5670598693378
2025-05-30 08:48:12.958842,61.96556468665815
2025-05-30 08:48:42.958842,48.98399403582306
2025-05-30 08:49:12.958842,49.76310743441976
2025-05-30 08:49:42.958842,53.15434169557955
2025-05-30 08:50:12.958842,44.794169210895646
2025-05-30 08:50:42.958842,33.13502772923522
2025-05-30 08:51:12.958842,39.16386403436318
2025-05-30 08:51:42.958842,34.832015472537535
2025-05-30 08:52:12.958842,59.684597640209894
2025-05-30 08:52:42.958842,40.17713659330241
2025-05-30 08:53:12.958842,38.97948486988338
2025-05-30 08:53:42.958842,54.842746943094
2025-05-30 08:54:12.958842,30.918252161351262
2025-05-30 08:54:42.958842,61.773306697244394
2025-05-30 08:55:12.958842,62.090166446679305
2025-05-30 08:55:42.958842,45.975403860244654
2025-05-30 08:56:12.958842,48.953816777084626
2025-05-30 08:56:42.958842,46.02971003101798
2025-05-30 08:57:12.958842,40.194792347961396
2025-05-30 08:57:42.958842,52.32697664039509
2025-05-30 08:58:12.958842,62.935817983068205
2025-05-30 08:58:42.958842,42.896018050134366
2025-05-30 08:59:12.958842,52.400169499401144
2025-05-30 08:59:42.958842,55.29382333020649
2025-05-30 09:00:12.958842,49.562386279484514
2025-05-30 09:00:42.958842,41.42425298889286
2025-05-30 09:01:12.958842,68.61866444302848
2025-05-30 09:01:42.958842,36.89566612892119
2025-05-30 09:02:12.958842,39.72086872572034
2025-05-30 09:02:42.958842,52.290416810200384
2025-05-30 09:03:12.958842,47.5699115714551
2025-05-30 09:03:42.958842,64.7102482495919
2025-05-30 09:04:12.958842,44.42862305222506
2025-05-30 09:04:42.958842,58.92285745322367
2025-05-30 09:05:12.958842,47.64907515240348
2025-05-30 09:05:42.958842,38.205608140660054
2025-05-30 09:06:12.958842,43.65236929642017
2025-05-30 09:06:42.958842,62.56461927810394
2025-05-30 09:07:12.958842,36.24559475637234
2025-05-30 09:07:42.958842,25.29323453064013
2025-05-30 09:08:12.958842,66.31059583322562
2025-05-30 09:08:42.958842,58.23660559086301
2025-05-30 09:09:12.958842,54.129721810797705
2025-05-30 09:09:42.958842,52.290516728288885
2025-05-30 09:10:12.958842,28.99994111325569
2025-05-30 09:10:42.958842,61.385982186006984
2025-05-30 09:11:12.958842,34.375860314363095
2025-05-30 09:11:42.958842,62.41913779758109
2025-05-30 09:12:12.958842,47.96542275265067
2025-05-30 09:12:42.958842,51.61350789445754
2025-05-30 09:13:12.958842,52.04860114461847
2025-05-30 09:13:42.958842,47.162264010794914
2025-05-30 09:14:12.958842,54.53611756766911
2025-05-30 09:14:42.958842,49.90163184782197
2025-05-30 09:15:12.958842,56.372057277422364
2025-05-30 09:15:42.958842,55.324618594319055
2025-05-30 09:16:12.958842,59.04775663377098
2025-05-30 09:16:42.958842,61.55759795902799
2025-05-30 09:17:12.958842,49.81069211278312
2025-05-30 09:17:42.958842,62.80425293405461
2025-05-30 09:18:12.958842,44.05454480096267
2025-05-30 09:18:42.958842,59.09609653963419
2025-05-30 09:19:12.958842,49.73777596156582
2025-05-30 09:19:42.958842,38.28508172288262
2025-05-30 09:20:12.958842,29.145560125981397
2025-05-30 09:20:42.958842,65.08919435643632
2025-05-30 09:21:12.958842,61.57958151975453
2025-05-30 09:21:42.958842,46.63036708973635
2025-05-30 09:22:12.958842,60.21196784523306
2025-05-30 09:22:42.958842,51.787973023730316
2025-05-30 09:23:12.958842,51.59824225830299
2025-05-30 09:23:42.958842,34.69642284154527
2025-05-30 09:24:12.958842,48.80811331165914
2025-05-30 09:24:42.958842,53.230255039938314
2025-05-30 09:25:12.958842,40.44423272561352
2025-05-30 09:25:42.958842,32.07759466648946
2025-05-30 09:26:12.958842,32.0830234059232
2025-05-30 09:26:42.958842,39.68066711085425
2025-05-30 09:27:12.958842,52.58820897978083
2025-05-30 09:27:42.958842,50.046344008144786
2025-05-30 09:28:12.958842,55.606311823602226
2025-05-30 09:28:42.958842,31.02193841082819
2025-05-30 09:29:12.958842,50.330318154021725
2025-05-30 09:29:42.958842,49.847656111758354
2025-05-30 09:30:12.958842,43.39576552420755
2025-05-30 09:30:42.958842,32.834662874741255
2025-05-30 09:31:12.958842,68.32599082826422
2025-05-30 09:31:42.958842,31.218270094035617
2025-05-30 09:32:12.958842,38.97047198208961
2025-05-30 09:32:42.958842,73.0508105186941
2025-05-30 09:33:12.958842,70.53209736458729
2025-05-30 09:33:42.958842,61.03827624256907
2025-05-30 09:34:12.958842,43.26361775517243
2025-05-30 09:34:42.958842,52.439319246243656
2025-05-30 09:35:12.958842,65.87343157478335
2025-05-30 09:35:42.958842,51.13390072537436
2025-05-30 09:36:12.958842,49.76831572458308
2025-05-30 09:36:42.958842,43.39970897762599
2025-05-30 09:37:12.958842,58.16126636521615
2025-05-30 09:37:42.958842,55.5595310390219
2025-05-30 09:38:12.958842,48.684427342737735
2025-05-30 09:38:42.958842,56.48654361857655
2025-05-30 09:39:12.958842,40.226520577170156
2025-05-30 09:39:42.958842,33.69156761426182
2025-05-30 09:40:12.958842,46.537233037649884
2025-05-30 09:40:42.958842,51.78932453816189
2025-05-30 09:41:12.958842,33.13597267813323
2025-05-30 09:41:42.958842,33.75185739836649
2025-05-30 09:42:12.958842,41.59569180877929
2025-05-30 09:42:42.958842,49.08701550529973
2025-05-30 09:43:12.958842,42.5862944295582
2025-05-30 09:43:42.958842,29.66379333591453
2025-05-30 09:44:12.958842,67.68244840748054
2025-05-30 09:44:42.958842,64.08287355001391
2025-05-30 09:45:12.958842,48.58609856649331
2025-05-30 09:45:42.958842,58.69280020149442
2025-05-30 09:46:12.958842,46.93692753472489
2025-05-30 09:46:42.958842,50.9014135927295
2025-05-30 09:47:12.958842,62.09916521145211
2025-05-30 09:47:42.958842,33.307869530612166
2025-05-30 09:48:12.958842,29.47886174458064
2025-05-30 09:48:42.958842,45.54282587748981
2025-05-30 09:49:12.958842,48.62875533579031
2025-05-30 09:49:42.958842,53.861724935818984
2025-05-30 09:50:12.958842,45.09441520212264
2025-05-30 09:50:42.958842,64.48418773045022
2025-05-30 09:51:12.958842,60.28049932494921
2025-05-30 09:51:42.958842,39.44701411253496
2025-05-30 09:52:12.958842,52.81844060821142
2025-05-30 09:52:42.958842,54.392557564519876
2025-05-30 09:53:12.958842,62.77291147279813
2025-05-30 09:53:42.958842,54.46806070735436
2025-05-30 09:54:12.958842,41.60697362828
2025-05-30 09:54:42.958842,43.28497444608348
2025-05-30 09:55:12.958842,53.47180406299622
2025-05-30 09:55:42.958842,39.629088819248196
2025-05-30 09:56:12.958842,56.91275354370234
2025-05-30 09:56:42.958842,58.569488879749244
2025-05-30 09:57:12.958842,38.54805549645777
2025-05-30 09:57:42.958842,57.613026732000534
2025-05-30 09:58:12.958842,33.41473446008823
2025-05-30 09:58:42.958842,48.386205457318944
2025-05-30 09:59:12.958842,58.63118836409316
2025-05-30 09:59:42.958842,62.856083541264006
2025-05-30 10:00:12.958842,51.02415525751019
2025-05-30 10:00:42.958842,45.982835129976294
2025-05-30 10:01:12.958842,59.44458663192427
2025-05-30 10:01:42.958842,70.3058454788623
2025-05-30 10:02:12.958842,45.18399209302526
2025-05-30 10:02:42.958842,56.23697366000436
2025-05-30 10:03:12.958842,59.809425101995295
2025-05-30 10:03:42.958842,51.699056642999196
2025-05-30 10:04:12.958842,42.03797591067894
2025-05-30 10:04:42.958842,50.86490828664172
2025-05-30 10:05:12.958842,54.60472187527673
2025-05-30 10:05:42.958842,47.968247526501244
2025-05-30 10:06:12.958842,54.247145310053384
2025-05-30 10:06:42.958842,36.66513757985386
2025-05-30 10:07:12.958842,40.9472587576188
2025-05-30 10:07:42.958842,59.644208944559225
2025-05-30 10:08:12.958842,55.096435541599426
2025-05-30 10:08:42.958842,55.275900543222185
2025-05-30 10:09:12.958842,30.81309761494414
2025-05-30 10:09:42.958842,37.52834877790574
2025-05-30 10:10:12.958842,53.76164166323949
2025-05-30 10:10:42.958842,56.26653673179026
2025-05-30 10:11:12.958842,41.95020102635307
2025-05-30 10:11:42.958842,44.02106181947178
2025-05-30 10:12:12.958842,51.43468715967626
2025-05-30 10:12:42.958842,61.9561392555668
2025-05-30 10:13:12.958842,55.501102008230305
2025-05-30 10:13:42.958842,49.29648145599171
2025-05-30 10:14:12.958842,51.75593008525876
2025-05-30 10:14:42.958842,44.3815920788471
2025-05-30 10:15:12.958842,33.312362694660905
2025-05-30 10:15:42.958842,53.08412387448333
2025-05-30 10:16:12.958842,55.69874865417588
2025-05-30 10:16:42.958842,63.231514292063196
2025-05-30 10:17:12.958842,40.80421046125249
2025-05-30 10:17:42.958842,62.646857887616775
2025-05-30 10:18:12.958842,46.23394280399467
2025-05-30 10:18:42.958842,45.45427831804831
2025-05-30 10:19:12.958842,62.916610253094106
2025-05-30 10:19:42.958842,53.241761365087285
2025-05-30 10:20:12.958842,51.89907875314691
2025-05-30 10:20:42.958842,43.181998995276324
2025-05-30 10:21:12.958842,52.562910744303586
2025-05-30 10:21:42.958842,35.341764286265395
2025-05-30 10:22:12.958842,37.327765936388374
2025-05-30 10:22:42.958842,54.94014956135988
2025-05-30 10:23:12.958842,42.73582386631293
2025-05-30 10:23:42.958842,45.666125433614084
2025-05-30 10:24:12.958842,42.89758381667702
2025-05-30 10:24:42.958842,41.898633347426
2025-05-30 10:25:12.958842,48.31096076179503
2025-05-30 10:25:42.958842,46.24404970818084
2025-05-30 10:26:12.958842,59.33304965769782
2025-05-30 10:26:42.958842,70.40504061646179
2025-05-30 10:27:12.958842,51.90820110003495
2025-05-30 10:27:42.958842,36.36536272669781
2025-05-30 10:28:12.958842,34.11721954057453
2025-05-30 10:28:42.958842,69.10046734102959
2025-05-30 10:29:12.958842,55.62433211611804
2025-05-30 10:29:42.958842,51.65160205299622
2025-05-30 10:30:12.958842,34.01664648059947
2025-05-30 10:30:42.958842,60.05629372207484
2025-05-30 10:31:12.958842,45.91410234940425
2025-05-30 10:31:42.958842,68.06661126162437
2025-05-30 10:32:12.958842,48.56954186884606
2025-05-30 10:32:42.958842,53.01729554506631
2025-05-30 10:33:12.958842,46.74199898613277
2025-05-30 10:33:42.958842,52.18757064168231
2025-05-30 10:34:12.958842,47.867786073349095
2025-05-30 10:34:42.958842,60.403325883484044
2025-05-30 10:35:12.958842,53.73165168365377
2025-05-30 10:35:42.958842,59.14576553749133
2025-05-30 10:36:12.958842,46.67150001202599
2025-05-30 10:36:42.958842,55.11693871793125
2025-05-30 10:37:12.958842,65.41074147842711
2025-05-30 10:37:42.958842,49.64895650606641
2025-05-30 10:38:12.958842,44.332023623995184
2025-05-30 10:38:42.958842,46.61474507945945
2025-05-30 10:39:12.958842,52.46121181691593
2025-05-30 10:39:42.958842,54.3193152989606
2025-05-30 10:40:12.958842,51.14518986125745
2025-05-30 10:40:42.958842,70.91113033148632
2025-05-30 10:41:12.958842,42.73634417925771
2025-05-30 10:41:42.958842,55.298313160738715
2025-05-30 10:42:12.958842,47.10159332210211
2025-05-30 10:42:42.958842,30.349428000511242
2025-05-30 10:43:12.958842,54.27807832194445
2025-05-30 10:43:42.958842,49.342894148710556
2025-05-30 10:44:12.958842,57.46600100777173
2025-05-30 10:44:42.958842,69.00951374257137
2025-05-30 10:45:12.958842,53.52324538789733
2025-05-30 10:45:42.958842,32.65268702563063
2025-05-30 10:46:12.958842,55.72674007627099
2025-05-30 10:46:42.958842,53.28901832036738
2025-05-30 10:47:12.958842,53.96763119826029
2025-05-30 10:47:42.958842,66.9396207866771
2025-05-30 10:48:12.958842,57.118688590408844
2025-05-30 10:48:42.958842,45.224714855663024
2025-05-30 10:49:12.958842,47.21163508054026
2025-05-30 10:49:42.958842,47.58234817868876
2025-05-30 10:50:12.958842,39.778860471728926
2025-05-30 10:50:42.958842,63.77264636515722
2025-05-30 10:51:12.958842,55.591319910069814
2025-05-30 10:51:42.958842,54.1643818304593
2025-05-30 10:52:12.958842,60.99615264520307
2025-05-30 10:52:42.958842,51.23685308942037
2025-05-30 10:53:12.958842,46.24123617924717
2025-05-30 10:53:42.958842,44.17181957367786
2025-05-30 10:54:12.958842,52.227910125773576
2025-05-30 10:54:42.958842,53.308365493422706
2025-05-30 10:55:12.958842,50.58039174140009
2025-05-30 10:55:42.958842,52.37165366395466
2025-05-30 10:56:12.958842,58.308404385873146
2025-05-30 10:56:42.958842,51.45777502951539
2025-05-30 10:57:12.958842,40.884934255158214
2025-05-30 10:57:42.958842,52.66617532771996
2025-05-30 10:58:12.958842,61.132756331910514
2025-05-30 10:58:42.958842,56.56592921359059
2025-05-30 10:59:12.958842,45.831691730285044
2025-05-30 10:59:42.958842,48.34473505926374
2025-05-30 11:00:12.958842,40.60310480190838
2025-05-30 11:00:42.958842,38.21698733330669
2025-05-30 11:01:12.958842,46.26439407189592
2025-05-30 11:01:42.958842,55.0051673215241
2025-05-30 11:02:12.958842,44.25401907787863
2025-05-30 11:02:42.958842,57.40220612731674
2025-05-30 11:03:12.958842,49.52256150938723
2025-05-30 11:03:42.958842,41.62685080363532
2025-05-30 11:04:12.958842,47.393112285588685
2025-05-30 11:04:42.958842,52.354673905958975
2025-05-30 11:05:12.958842,32.74908028178342
2025-05-30 11:05:42.958842,28.54522182734413
2025-05-30 11:06:12.958842,45.23472126291623
2025-05-30 11:06:42.958842,39.639764540119
2025-05-30 11:07:12.958842,61.407321438121535
2025-05-30 11:07:42.958842,41.627472807254954
2025-05-30 11:08:12.958842,39.91221450327391
2025-05-30 11:08:42.958842,60.59512332396963
2025-05-30 11:09:12.958842,42.3072908467901
2025-05-30 11:09:42.958842,44.680614610322884
2025-05-30 11:10:12.958842,47.33262515699651
2025-05-30 11:10:42.958842,55.42000601845674
2025-05-30 11:11:12.958842,44.240930955330256
2025-05-30 11:11:42.958842,49.06634339277709
2025-05-30 11:12:12.958842,53.02088852789463
2025-05-30 11:12:42.958842,61.70489021511431
2025-05-30 11:13:12.958842,44.44511360577894
2025-05-30 11:13:42.958842,51.01504547560786
2025-05-30 11:14:12.958842,57.90136560893101
2025-05-30 11:14:42.958842,48.85123478483739
2025-05-30 11:15:12.958842,63.27770317245423
2025-05-30 11:15:42.958842,49.818158240761974
2025-05-30 11:16:12.958842,34.12080846031542
2025-05-30 11:16:42.958842,67.72926200454584
2025-05-30 11:17:12.958842,55.65870821998596
2025-05-30 11:17:42.958842,46.62352420973857
2025-05-30 11:18:12.958842,66.17600044160652
2025-05-30 11:18:42.958842,52.071067741845496
2025-05-30 11:19:12.958842,56.60317516535438
2025-05-30 11:19:42.958842,46.1054505105886
2025-05-30 11:20:12.958842,56.07729814757715
2025-05-30 11:20:42.958842,44.85438062094151
2025-05-30 11:21:12.958842,60.96846695502021
2025-05-30 11:21:42.958842,53.0570185772734
2025-05-30 11:22:12.958842,43.871174095572734
2025-05-30 11:22:42.958842,51.19685090423782
2025-05-30 11:23:12.958842,38.46495881241955
2025-05-30 11:23:42.958842,47.40955930746937
2025-05-30 11:24:12.958842,54.328277359878996
2025-05-30 11:24:42.958842,55.8282346897776
2025-05-30 11:25:12.958842,65.38931459927181
2025-05-30 11:25:42.958842,67.95368138915299
2025-05-30 11:26:12.958842,49.6398575839679
2025-05-30 11:26:42.958842,48.52911066128537
2025-05-30 11:27:12.958842,50.83628155112661
2025-05-30 11:27:42.958842,39.778337503621415
2025-05-30 11:28:12.958842,29.147822126425197
2025-05-30 11:28:42.958842,56.8351887565428
2025-05-30 11:29:12.958842,44.60358176591988
2025-05-30 11:29:42.958842,59.49781314233664
2025-05-30 11:30:12.958842,50.08519578155358
2025-05-30 11:30:42.958842,49.368604653302725
2025-05-30 11:31:12.958842,45.33863759027372
2025-05-30 11:31:42.958842,34.881355854203655
2025-05-30 11:32:12.958842,44.63346499891177
2025-05-30 11:32:42.958842,46.01215577073341
2025-05-30 11:33:12.958842,58.86078147433673
2025-05-30 11:33:42.958842,43.88123883530717
2025-05-30 11:34:12.958842,28.56645199727469
2025-05-30 11:34:42.958842,36.516597778859456
2025-05-30 11:35:12.958842,70.55485132959926
2025-05-30 11:35:42.958842,21.25503245183893
2025-05-30 11:36:12.958842,47.17808738857058
2025-05-30 11:36:42.958842,68.62183691026846
2025-05-30 11:37:12.958842,57.54980038515478
2025-05-30 11:37:42.958842,42.41776909829057
2025-05-30 11:38:12.958842,45.73614662899318
2025-05-30 11:38:42.958842,31.797993842398224
2025-05-30 11:39:12.958842,60.99247513148322
2025-05-30 11:39:42.958842,55.60689515913133
2025-05-30 11:40:12.958842,61.31953790929934
2025-05-30 11:40:42.958842,54.829512325671054
2025-05-30 11:41:12.958842,53.18926586881987
2025-05-30 11:41:42.958842,45.274038512547925
2025-05-30 11:42:12.958842,35.52633356088697
2025-05-30 11:42:42.958842,47.58216224000417
2025-05-30 11:43:12.958842,46.452092702388185
2025-05-30 11:43:42.958842,39.71081440387407
2025-05-30 11:44:12.958842,51.598456518815055
2025-05-30 11:44:42.958842,53.06846526502345
2025-05-30 11:45:12.958842,27.42342235459258
2025-05-30 11:45:42.958842,38.79276306406429
2025-05-30 11:46:12.958842,52.06994593349306
2025-05-30 11:46:42.958842,42.48939228204247
2025-05-30 11:47:12.958842,29.164839428321585
2025-05-30 11:47:42.958842,33.621835373123204
2025-05-30 11:48:12.958842,50.571978751845236
2025-05-30 11:48:42.958842,55.92049377192769
2025-05-30 11:49:12.958842,51.21913896817511
2025-05-30 11:49:42.958842,43.84844512271789
2025-05-30 11:50:12.958842,54.91578490740259
2025-05-30 11:50:42.958842,49.12331544109439
2025-05-30 11:51:12.958842,66.91039508864404
2025-05-30 11:51:42.958842,53.14877455289691
2025-05-30 11:52:12.958842,53.353733080392104
2025-05-30 11:52:42.958842,32.83169414727456
2025-05-30 11:53:12.958842,50.73889984588802
2025-05-30 11:53:42.958842,38.65413437844502
2025-05-30 11:54:12.958842,51.157575767808154
2025-05-30 11:54:42.958842,46.890459789329675
2025-05-30 11:55:12.958842,43.79818252024724
2025-05-30 11:55:42.958842,49.90928275965341
2025-05-30 11:56:12.958842,55.402135908140764
2025-05-30 11:56:42.958842,60.53775264828161
2025-05-30 11:57:12.958842,46.15812082158137
2025-05-30 11:57:42.958842,38.88294878501819
2025-05-30 11:58:12.958842,53.02300344653603
2025-05-30 11:58:42.958842,63.60638414840621
2025-05-30 11:59:12.958842,52.36107324095349
2025-05-30 11:59:42.958842,31.50312745255958
2025-05-30 12:00:12.958842,56.196988373207034
2025-05-30 12:00:42.958842,58.50066007633871
2025-05-30 12:01:12.958842,51.07713348150353
2025-05-30 12:01:42.958842,35.108191006047505
2025-05-30 12:02:12.958842,33.574043964081184
2025-05-30 12:02:42.958842,50.9010068340694
2025-05-30 12:03:12.958842,44.60199324628876
2025-05-30 12:03:42.958842,61.101070921651356
2025-05-30 12:04:12.958842,39.89441341228299
2025-05-30 12:04:42.958842,45.579853179077624
2025-05-30 12:05:12.958842,31.48834748233496
2025-05-30 12:05:42.958842,75.03831522120282
2025-05-30 12:06:12.958842,45.08265680306865
2025-05-30 12:06:42.958842,50.552660659893924
2025-05-30 12:07:12.958842,46.20315267224254
2025-05-30 12:07:42.958842,50.635869667013296
2025-05-30 12:08:12.958842,53.567120332051616
2025-05-30 12:08:42.958842,49.98988174943567
2025-05-30 12:09:12.958842,74.69154335179608
2025-05-30 12:09:42.958842,42.07908582270872
2025-05-30 12:10:12.958842,60.83079045231518
2025-05-30 12:10:42.958842,41.76505434187782
2025-05-30 12:11:12.958842,57.477617797452844
2025-05-30 12:11:42.958842,56.575097969213616
2025-05-30 12:12:12.958842,45.2801987637519
2025-05-30 12:12:42.958842,64.417931050756
2025-05-30 12:13:12.958842,47.940851131871575
2025-05-30 12:13:42.958842,55.82009298245152
2025-05-30 12:14:12.958842,56.35484368499583
2025-05-30 12:14:42.958842,50.86749608878968
2025-05-30 12:15:12.958842,60.83071288164339
2025-05-30 12:15:42.958842,52.73796258790465
2025-05-30 12:16:12.958842,45.174766784451265
2025-05-30 12:16:42.958842,54.917551933504676
2025-05-30 12:17:12.958842,39.02829441933384
2025-05-30 12:17:42.958842,29.016805101131414
2025-05-30 12:18:12.958842,54.367820280777295
2025-05-30 12:18:42.958842,34.25582294227678
2025-05-30 12:19:12.958842,59.14411499708475
2025-05-30 12:19:42.958842,55.88850490056643
2025-05-30 12:20:12.958842,53.25287216364008
2025-05-30 12:20:42.958842,20.0
2025-05-30 12:21:12.958842,44.04582692170243
2025-05-30 12:21:42.958842,47.219721377602326
2025-05-30 12:22:12.958842,56.37598941983322
2025-05-30 12:22:42.958842,52.72088420508954
2025-05-30 12:23:12.958842,35.85755916634191
2025-05-30 12:23:42.958842,54.48831480265882
2025-05-30 12:24:12.958842,63.10081619689652
2025-05-30 12:24:42.958842,47.14996617100272
2025-05-30 12:25:12.958842,42.11784052744673
2025-05-30 12:25:42.958842,42.15929743375075
2025-05-30 12:26:12.958842,53.908435612239785
2025-05-30 12:26:42.958842,47.74109997836937
2025-05-30 12:27:12.958842,47.617712536191625
2025-05-30 12:27:42.958842,39.17536490524464
2025-05-30 12:28:12.958842,50.62168822551687
2025-05-30 12:28:42.958842,58.20922965866121
2025-05-30 12:29:12.958842,58.92637068868674
2025-05-30 12:29:42.958842,52.85659821178396
2025-05-30 12:30:12.958842,42.84046242915518
2025-05-30 12:30:42.958842,62.91723533060234
2025-05-30 12:31:12.958842,40.32425438561613
2025-05-30 12:31:42.958842,50.77189769058977
2025-05-30 12:32:12.958842,58.59909151525027
2025-05-30 12:32:42.958842,43.48417362933166
2025-05-30 12:33:12.958842,52.90862564936474
2025-05-30 12:33:42.958842,63.142371831675234
2025-05-30 12:34:12.958842,35.08527811722025
2025-05-30 12:34:42.958842,37.240897224774805
2025-05-30 12:35:12.958842,50.91411432438135
2025-05-30 12:35:42.958842,46.55709537652923
2025-05-30 12:36:12.958842,54.92825639200118
2025-05-30 12:36:42.958842,45.743624330619895
2025-05-30 12:37:12.958842,40.37611046006073
2025-05-30 12:37:42.958842,45.40797899157818
2025-05-30 12:38:12.958842,52.69414641283343
2025-05-30 12:38:42.958842,59.760504580282756
2025-05-30 12:39:12.958842,47.44973543997768
2025-05-30 12:39:42.958842,45.31611113608334
2025-05-30 12:40:12.958842,54.050219990747316
2025-05-30 12:40:42.958842,61.8109652344226
2025-05-30 12:41:12.958842,54.71413764869314
2025-05-30 12:41:42.958842,43.446601097324866
2025-05-30 12:42:12.958842,53.50985921840948
2025-05-30 12:42:42.958842,52.42263411765186
2025-05-30 12:43:12.958842,61.69491027281539
2025-05-30 12:43:42.958842,48.77656373375169
2025-05-30 12:44:12.958842,37.65809235658334
2025-05-30 12:44:42.958842,40.85768759569161
2025-05-30 12:45:12.958842,50.931018515409846
2025-05-30 12:45:42.958842,61.69085418883385
2025-05-30 12:46:12.958842,48.28807960342205
2025-05-30 12:46:42.958842,66.92866477574458
2025-05-30 12:47:12.958842,46.1314049801139
2025-05-30 12:47:42.958842,44.15891238168306
2025-05-30 12:48:12.958842,77.51813607702752
2025-05-30 12:48:42.958842,52.42179368146931
2025-05-30 12:49:12.958842,54.88027541993129
2025-05-30 12:49:42.958842,53.860850603183465
2025-05-30 12:50:12.958842,46.98247256534252
2025-05-30 12:50:42.958842,57.781869322212515
2025-05-30 12:51:12.958842,50.11178067540556
2025-05-30 12:51:42.958842,56.08711577583627
2025-05-30 12:52:12.958842,56.645554294169514
2025-05-30 12:52:42.958842,50.41233229348058
2025-05-30 12:53:12.958842,36.97926016576726
2025-05-30 12:53:42.958842,49.74137950566064
2025-05-30 12:54:12.958842,53.071228061333876
2025-05-30 12:54:42.958842,63.38615385234809
2025-05-30 12:55:12.958842,54.422331251372846
2025-05-30 12:55:42.958842,43.453991286025484
2025-05-30 12:56:12.958842,43.78066515421975
2025-05-30 12:56:42.958842,53.478955746937665
2025-05-30 12:57:12.958842,52.27230615920473
2025-05-30 12:57:42.958842,43.58904894150258
2025-05-30 12:58:12.958842,50.625587532564374
2025-05-30 12:58:42.958842,51.89203054570384
2025-05-30 12:59:12.958842,53.66553925663438
2025-05-30 12:59:42.958842,40.0515584137454
2025-05-30 13:00:12.958842,65.5496660004508
2025-05-30 13:00:42.958842,50.86903141294759
2025-05-30 13:01:12.958842,45.70222631159842
2025-05-30 13:01:42.958842,51.41853708858331
2025-05-30 13:02:12.958842,54.953704284741335
2025-05-30 13:02:42.958842,51.66279088079161
2025-05-30 13:03:12.958842,56.70835369705553
2025-05-30 13:03:42.958842,60.761787595470125
2025-05-30 13:04:12.958842,50.17797368532612
2025-05-30 13:04:42.958842,60.68937882379629
2025-05-30 13:05:12.958842,41.80418588352731
2025-05-30 13:05:42.958842,35.50314352108876
2025-05-30 13:06:12.958842,54.98097025873428
2025-05-30 13:06:42.958842,50.412782522786266
2025-05-30 13:07:12.958842,62.0107076343009
2025-05-30 13:07:42.958842,49.180110257696754
2025-05-30 13:08:12.958842,59.91176895538857
2025-05-30 13:08:42.958842,64.78267162107241
2025-05-30 13:09:12.958842,47.017921919332515
2025-05-30 13:09:42.958842,57.348650309195236
2025-05-30 13:10:12.958842,55.20981851791625
2025-05-30 13:10:42.958842,28.4884800861576
2025-05-30 13:11:12.958842,56.14630699671118
2025-05-30 13:11:42.958842,37.509371406438575
2025-05-30 13:12:12.958842,58.9228045028598
2025-05-30 13:12:42.958842,42.855978804649624
2025-05-30 13:13:12.958842,50.62542066710044
2025-05-30 13:13:42.958842,65.56198051312917
2025-05-30 13:14:12.958842,56.69377814784035
2025-05-30 13:14:42.958842,61.694553300583664
2025-05-30 13:15:12.958842,57.18445902906631
2025-05-30 13:15:42.958842,48.184620210995305
2025-05-30 13:16:12.958842,67.4311924547616
2025-05-30 13:16:42.958842,70.4372879961323
2025-05-30 13:17:12.958842,50.75922026923457
2025-05-30 13:17:42.958842,58.458910551119544
2025-05-30 13:18:12.958842,28.401568989252954
2025-05-30 13:18:42.958842,61.60486895271558
2025-05-30 13:19:12.958842,65.11506948025163
2025-05-30 13:19:42.958842,39.067743066535115
2025-05-30 13:20:12.958842,52.73502432966532
2025-05-30 13:20:42.958842,51.50965199077686
2025-05-30 13:21:12.958842,62.286251481158516
2025-05-30 13:21:42.958842,76.57084104879972
2025-05-30 13:22:12.958842,57.50505466519341
2025-05-30 13:22:42.958842,50.45428867456572
2025-05-30 13:23:12.958842,51.38473559146745
2025-05-30 13:23:42.958842,47.31842790520505
2025-05-30 13:24:12.958842,61.587420969793634
2025-05-30 13:24:42.958842,59.95706669676564
2025-05-30 13:25:12.958842,37.33707260741926
2025-05-30 13:25:42.958842,69.0653900072455
2025-05-30 13:26:12.958842,39.6281778552018
2025-05-30 13:26:42.958842,39.34757246982245
2025-05-30 13:27:12.958842,44.07385768262775
2025-05-30 13:27:42.958842,51.27320998177856
2025-05-30 13:28:12.958842,49.925421419767005
2025-05-30 13:28:42.958842,42.015181146811116
2025-05-30 13:29:12.958842,40.69544269319803
2025-05-30 13:29:42.958842,65.40396398190299
2025-05-30 13:30:12.958842,45.446291181343824
2025-05-30 13:30:42.958842,49.01445684829179
2025-05-30 13:31:12.958842,58.228811926599064
2025-05-30 13:31:42.958842,48.68311766533457
2025-05-30 13:32:12.958842,46.40731310158724
2025-05-30 13:32:42.958842,64.4763039124319
2025-05-30 13:33:12.958842,30.57368196431085
2025-05-30 13:33:42.958842,39.87517367645607
2025-05-30 13:34:12.958842,44.81936557212645
2025-05-30 13:34:42.958842,37.582372936212195
2025-05-30 13:35:12.958842,52.9491806351458
2025-05-30 13:35:42.958842,61.08406592824302
2025-05-30 13:36:12.958842,40.681917441961794
2025-05-30 13:36:42.958842,63.77104430889028
2025-05-30 13:37:12.958842,30.51208461168362
2025-05-30 13:37:42.958842,54.66187758590402
2025-05-30 13:38:12.958842,38.9944501856879
2025-05-30 13:38:42.958842,47.717462752951185
2025-05-30 13:39:12.958842,46.931636583021074
2025-05-30 13:39:42.958842,46.27349530457188
2025-05-30 13:40:12.958842,52.1855934345912
2025-05-30 13:40:42.958842,64.06610749522886
2025-05-30 13:41:12.958842,50.77530945990121
2025-05-30 13:41:42.958842,35.77661503991888
2025-05-30 13:42:12.958842,36.66180951442109
2025-05-30 13:42:42.958842,46.384643957744785
2025-05-30 13:43:12.958842,34.846443370713445
2025-05-30 13:43:42.958842,42.3625394025177
2025-05-30 13:44:12.958842,54.33246350058009
2025-05-30 13:44:42.958842,41.83910028346014
2025-05-30 13:45:12.958842,40.0778715966815
2025-05-30 13:45:42.958842,42.34060239288977
2025-05-30 13:46:12.958842,69.33341933197029
2025-05-30 13:46:42.958842,70.82438769612148
2025-05-30 13:47:12.958842,46.70875939281146
2025-05-30 13:47:42.958842,60.898483839226024
2025-05-30 13:48:12.958842,44.952980815699775
2025-05-30 13:48:42.958842,33.95304335747622
2025-05-30 13:49:12.958842,56.00028365322134
2025-05-30 13:49:42.958842,43.678629379860475
2025-05-30 13:50:12.958842,49.344936969185646
2025-05-30 13:50:42.958842,40.997501644761684
2025-05-30 13:51:12.958842,47.31989671621017
2025-05-30 13:51:42.958842,57.27967460900168
2025-05-30 13:52:12.958842,55.911346097331055
2025-05-30 13:52:42.958842,39.625150833062435
2025-05-30 13:53:12.958842,54.76192832834188
2025-05-30 13:53:42.958842,34.677090224539924
2025-05-30 13:54:12.958842,51.256088402973496
2025-05-30 13:54:42.958842,48.52295993140907
2025-05-30 13:55:12.958842,55.118362963824026
2025-05-30 13:55:42.958842,56.83678301462706
2025-05-30 13:56:12.958842,25.527426760956104
2025-05-30 13:56:42.958842,46.69843283182463
2025-05-30 13:57:12.958842,57.347641179514426
2025-05-30 13:57:42.958842,36.67738487901079
2025-05-30 13:58:12.958842,58.39771402817551
2025-05-30 13:58:42.958842,40.792270751191396
2025-05-30 13:59:12.958842,54.79237906696381
2025-05-30 13:59:42.958842,64.42932576936681
2025-05-30 14:00:12.958842,44.59676505546511
2025-05-30 14:00:42.958842,43.67064393822619
2025-05-30 14:01:12.958842,47.8941277007159
2025-05-30 14:01:42.958842,41.308091505748784
2025-05-30 14:02:12.958842,47.97685955780314
2025-05-30 14:02:42.958842,54.44485926937726
2025-05-30 14:03:12.958842,47.83020679860544
2025-05-30 14:03:42.958842,62.54423199931439
2025-05-30 14:04:12.958842,53.45012957984298
2025-05-30 14:04:42.958842,62.63107149750205
2025-05-30 14:05:12.958842,70.82357393918173
2025-05-30 14:05:42.958842,42.67126000382832
2025-05-30 14:06:12.958842,47.428600493697374
2025-05-30 14:06:42.958842,44.85914196863731
2025-05-30 14:07:12.958842,52.43090651220578
2025-05-30 14:07:42.958842,35.422931351433874
2025-05-30 14:08:12.958842,65.27350988118909
2025-05-30 14:08:42.958842,62.06308701833098
2025-05-30 14:09:12.958842,68.90438991632732
2025-05-30 14:09:42.958842,65.33157886363134
2025-05-30 14:10:12.958842,44.65857281707905
2025-05-30 14:10:42.958842,38.51274150322458
2025-05-30 14:11:12.958842,56.15156999512751
2025-05-30 14:11:42.958842,52.53391243675031
2025-05-30 14:12:12.958842,45.86828559989813
2025-05-30 14:12:42.958842,48.188340004384756
2025-05-30 14:13:12.958842,62.89791664750746
2025-05-30 14:13:42.958842,45.195960190721784
2025-05-30 14:14:12.958842,65.1718294854249
2025-05-30 14:14:42.958842,52.34646291762934
2025-05-30 14:15:12.958842,34.72385051240229
2025-05-30 14:15:42.958842,49.86050623436372
2025-05-30 14:16:12.958842,54.653499685781306
2025-05-30 14:16:42.958842,49.341454017639585
2025-05-30 14:17:12.958842,49.97743556831135
2025-05-30 14:17:42.958842,45.20734256086784
2025-05-30 14:18:12.958842,48.582621070516964
2025-05-30 14:18:42.958842,51.20195562154998
2025-05-30 14:19:12.958842,61.79219835603194
2025-05-30 14:19:42.958842,62.70957572108421
2025-05-30 14:20:12.958842,54.1093919698796
2025-05-30 14:20:42.958842,59.84170164879108
2025-05-30 14:21:12.958842,55.529069558542396
2025-05-30 14:21:42.958842,64.74295346589969
2025-05-30 14:22:12.958842,57.555639437268596
2025-05-30 14:22:42.958842,54.789043314980404
2025-05-30 14:23:12.958842,61.5014102117606
2025-05-30 14:23:42.958842,48.198988585422356
2025-05-30 14:24:12.958842,53.31429106081322
2025-05-30 14:24:42.958842,68.66801955528152
2025-05-30 14:25:12.958842,46.887035150355395
2025-05-30 14:25:42.958842,43.830811827541076
2025-05-30 14:26:12.958842,51.35999904904125
2025-05-30 14:26:42.958842,53.489054020732986
2025-05-30 14:27:12.958842,45.16910064126126
2025-05-30 14:27:42.958842,70.19302426614088
2025-05-30 14:28:12.958842,58.08354407879794
2025-05-30 14:28:42.958842,44.714663108070965
2025-05-30 14:29:12.958842,38.19964979975484
2025-05-30 14:29:42.958842,52.338391962845535
2025-05-30 14:30:12.958842,51.257419715370126
2025-05-30 14:30:42.958842,50.92013259064202
2025-05-30 14:31:12.958842,48.22774445996513
2025-05-30 14:31:42.958842,40.281531969981515
2025-05-30 14:32:12.958842,55.513294596839344
2025-05-30 14:32:42.958842,40.73823199697917
2025-05-30 14:33:12.958842,55.81662716993672
2025-05-30 14:33:42.958842,52.8986615774746
2025-05-30 14:34:12.958842,60.16969599255558
2025-05-30 14:34:42.958842,47.001795806098706
2025-05-30 14:35:12.958842,47.8220040358966
2025-05-30 14:35:42.958842,57.113115182908814
2025-05-30 14:36:12.958842,65.04771257636723
2025-05-30 14:36:42.958842,20.0
2025-05-30 14:37:12.958842,34.25876685677518
2025-05-30 14:37:42.958842,52.24052181356657
2025-05-30 14:38:12.958842,62.46754877077011
2025-05-30 14:38:42.958842,53.266154710898604
2025-05-30 14:39:12.958842,52.19829252949337
2025-05-30 14:39:42.958842,37.814967466785546
2025-05-30 14:40:12.958842,42.68984980365345
2025-05-30 14:40:42.958842,40.591080640334766
2025-05-30 14:41:12.958842,51.73956583964899
2025-05-30 14:41:42.958842,42.69461648905132
2025-05-30 14:42:12.958842,53.912475715621675
2025-05-30 14:42:42.958842,54.65160971947392
2025-05-30 14:43:12.958842,54.399887650132904
2025-05-30 14:43:42.958842,39.56292020706477
2025-05-30 14:44:12.958842,49.87162822703992
2025-05-30 14:44:42.958842,42.26544805018679
2025-05-30 14:45:12.958842,69.83818429943032
2025-05-30 14:45:42.958842,37.52725971260298
2025-05-30 14:46:12.958842,65.36318370637778
2025-05-30 14:46:42.958842,61.299305096837436
2025-05-30 14:47:12.958842,37.83448735312961
2025-05-30 14:47:42.958842,57.539655874908235
2025-05-30 14:48:12.958842,36.561263391301324
2025-05-30 14:48:42.958842,58.688439284011494
2025-05-30 14:49:12.958842,52.81109029040699
2025-05-30 14:49:42.958842,50.911679786040395
2025-05-30 14:50:12.958842,35.24625096115803
2025-05-30 14:50:42.958842,61.964092938685404
2025-05-30 14:51:12.958842,38.20281821518371
2025-05-30 14:51:42.958842,53.98082911017808
2025-05-30 14:52:12.958842,46.14331800097481
2025-05-30 14:52:42.958842,40.44823847111806
2025-05-30 14:53:12.958842,32.33361378131718
2025-05-30 14:53:42.958842,38.059127608707016
2025-05-30 14:54:12.958842,42.74818254664632
2025-05-30 14:54:42.958842,47.934160089166774
2025-05-30 14:55:12.958842,53.74256137765654
2025-05-30 14:55:42.958842,37.419836353727476
2025-05-30 14:56:12.958842,40.473377110969295
2025-05-30 14:56:42.958842,48.34620166343002
2025-05-30 14:57:12.958842,33.628068152680186
2025-05-30 14:57:42.958842,55.465158457648315
2025-05-30 14:58:12.958842,52.23624405861216
2025-05-30 14:58:42.958842,42.27607445186335
2025-05-30 14:59:12.958842,43.294098277408956
2025-05-30 14:59:42.958842,26.137525152823354
2025-05-30 15:00:12.958842,61.01918482304128
2025-05-30 15:00:42.958842,28.652982750105863
2025-05-30 15:01:12.958842,54.86893788241385
2025-05-30 15:01:42.958842,63.99556112568401
2025-05-30 15:02:12.958842,39.143261181268656
2025-05-30 15:02:42.958842,42.48031215067874
2025-05-30 15:03:12.958842,61.70464329040902
2025-05-30 15:03:42.958842,67.84102134315617
2025-05-30 15:04:12.958842,57.77134374287901
2025-05-30 15:04:42.958842,47.89622369107556
2025-05-30 15:05:12.958842,41.80816342532767
2025-05-30 15:05:42.958842,52.99095888470313
2025-05-30 15:06:12.958842,47.661508855390736
2025-05-30 15:06:42.958842,42.492152848562256
2025-05-30 15:07:12.958842,70.31378304668326
2025-05-30 15:07:42.958842,20.833205649564057
2025-05-30 15:08:12.958842,65.74068970018534
2025-05-30 15:08:42.958842,60.113343504674305
2025-05-30 15:09:12.958842,51.714422840984106
2025-05-30 15:09:42.958842,31.53524777126481
2025-05-30 15:10:12.958842,48.30697772846863
2025-05-30 15:10:42.958842,55.33757926494924
2025-05-30 15:11:12.958842,53.689403184310805
2025-05-30 15:11:42.958842,68.71303024138359
2025-05-30 15:12:12.958842,49.63751508912358
2025-05-30 15:12:42.958842,52.95477282035686
2025-05-30 15:13:12.958842,49.60073728459135
2025-05-30 15:13:42.958842,41.97592624718995
2025-05-30 15:14:12.958842,36.35224075743618
2025-05-30 15:14:42.958842,46.33900471972493
2025-05-30 15:15:12.958842,57.19031883789392
2025-05-30 15:15:42.958842,68.17850600917858
2025-05-30 15:16:12.958842,58.77976799078077
2025-05-30 15:16:42.958842,58.16720780663192
2025-05-30 15:17:12.958842,39.36588055183579
2025-05-30 15:17:42.958842,43.534697739290955
2025-05-30 15:18:12.958842,56.82669619404283
2025-05-30 15:18:42.958842,58.27580538524787
2025-05-30 15:19:12.958842,69.89790527505158
2025-05-30 15:19:42.958842,53.906418893681405
2025-05-30 15:20:12.958842,49.89311108776647
2025-05-30 15:20:42.958842,52.6805622700438
2025-05-30 15:21:12.958842,41.98366619970793
2025-05-30 15:21:42.958842,36.357224686786196
2025-05-30 15:22:12.958842,41.895914838080685
2025-05-30 15:22:42.958842,61.53869934846999
2025-05-30 15:23:12.958842,57.41471358644934
2025-05-30 15:23:42.958842,48.522663575095216
2025-05-30 15:24:12.958842,49.492882534168906
2025-05-30 15:24:42.958842,59.92005524895447
2025-05-30 15:25:12.958842,64.79676444953729
2025-05-30 15:25:42.958842,70.47715754294387
2025-05-30 15:26:12.958842,70.40391560236196
2025-05-30 15:26:42.958842,50.543696411064836
2025-05-30 15:27:12.958842,64.27255000212372
2025-05-30 15:27:42.958842,40.23832279034045
2025-05-30 15:28:12.958842,48.49560045567787
2025-05-30 15:28:42.958842,32.471676314954166
2025-05-30 15:29:12.958842,55.38718228933961
2025-05-30 15:29:42.958842,74.23342281281592
2025-05-30 15:30:12.958842,49.93135557131261
2025-05-30 15:30:42.958842,28.28702200294574
2025-05-30 15:31:12.958842,43.05111613660729
2025-05-30 15:31:42.958842,60.86824946853078
2025-05-30 15:32:12.958842,56.64252317071142
2025-05-30 15:32:42.958842,43.325566561414036
2025-05-30 15:33:12.958842,32.25514244857841
2025-05-30 15:33:42.958842,58.90906601922682
2025-05-30 15:34:12.958842,45.41643143529256
2025-05-30 15:34:42.958842,58.04757073316824
2025-05-30 15:35:12.958842,65.1094559153671
2025-05-30 15:35:42.958842,46.47038785979354
2025-05-30 15:36:12.958842,32.74822995611413
2025-05-30 15:36:42.958842,46.24814622197187
2025-05-30 15:37:12.958842,56.46811792806973
2025-05-30 15:37:42.958842,45.31655034858122
2025-05-30 15:38:12.958842,52.510260180141415
2025-05-30 15:38:42.958842,41.74801908633854
2025-05-30 15:39:12.958842,61.18899744559962
2025-05-30 15:39:42.958842,50.16712174340171
2025-05-30 15:40:12.958842,45.64174036232006
2025-05-30 15:40:42.958842,42.99887795093849
2025-05-30 15:41:12.958842,49.52683222135834
2025-05-30 15:41:42.958842,56.54346670626854
2025-05-30 15:42:12.958842,66.97580141676465
2025-05-30 15:42:42.958842,46.817310728295006
2025-05-30 15:43:12.958842,64.91865922930603
2025-05-30 15:43:42.958842,58.971095443016424
2025-05-30 15:44:12.958842,65.47025679556224
2025-05-30 15:44:42.958842,72.3867176005062
2025-05-30 15:45:12.958842,52.70299385657569
2025-05-30 15:45:42.958842,48.1304761431932
2025-05-30 15:46:12.958842,62.56574229797237
2025-05-30 15:46:42.958842,56.32662029915416
2025-05-30 15:47:12.958842,47.41017349508406
2025-05-30 15:47:42.958842,38.03124533588954
2025-05-30 15:48:12.958842,54.04110243594524
2025-05-30 15:48:42.958842,52.352778609056564
2025-05-30 15:49:12.958842,45.59765533209479
2025-05-30 15:49:42.958842,52.20798739633572
2025-05-30 15:50:12.958842,63.258827256277144
2025-05-30 15:50:42.958842,67.49606137403406
2025-05-30 15:51:12.958842,58.68986853894517
2025-05-30 15:51:42.958842,57.180420338059854
2025-05-30 15:52:12.958842,54.30748962459613
2025-05-30 15:52:42.958842,51.96501911766737
2025-05-30 15:53:12.958842,54.82593922780853
2025-05-30 15:53:42.958842,43.54238874211085
2025-05-30 15:54:12.958842,63.37767792666376
2025-05-30 15:54:42.958842,44.049016095313746
2025-05-30 15:55:12.958842,42.08847160861734
2025-05-30 15:55:42.958842,63.716990503929594
2025-05-30 15:56:12.958842,73.51353451397502
2025-05-30 15:56:42.958842,55.86372548238914
2025-05-30 15:57:12.958842,50.91595831047336
2025-05-30 15:57:42.958842,49.34431152029917
2025-05-30 15:58:12.958842,55.15394953508199
2025-05-30 15:58:42.958842,50.46214015755879
2025-05-30 15:59:12.958842,35.49506567193266
2025-05-30 15:59:42.958842,65.12254740397682
2025-05-30 16:00:12.958842,44.057725166668604
2025-05-30 16:00:42.958842,59.28816179380916
2025-05-30 16:01:12.958842,39.20416288831515
2025-05-30 16:01:42.958842,60.28453593864856
2025-05-30 16:02:12.958842,60.664602653483556
2025-05-30 16:02:42.958842,48.09754662449143
2025-05-30 16:03:12.958842,52.53419162828087
2025-05-30 16:03:42.958842,47.595455985129284
2025-05-30 16:04:12.958842,53.4804194912173
2025-05-30 16:04:42.958842,43.68026368428936
2025-05-30 16:05:12.958842,68.62759859822543
2025-05-30 16:05:42.958842,51.61986879986781
2025-05-30 16:06:12.958842,54.000293293263944
2025-05-30 16:06:42.958842,53.46970177772903
2025-05-30 16:07:12.958842,67.60335628993715
2025-05-30 16:07:42.958842,52.54506056975202
2025-05-30 16:08:12.958842,61.965198142972284
2025-05-30 16:08:42.958842,41.664581803509975
2025-05-30 16:09:12.958842,45.40164926883648
2025-05-30 16:09:42.958842,60.199481613848036
2025-05-30 16:10:12.958842,43.54401930179231
2025-05-30 16:10:42.958842,36.84062399630656
2025-05-30 16:11:12.958842,58.33360616540769
2025-05-30 16:11:42.958842,53.00875611129835
2025-05-30 16:12:12.958842,56.71711599681708
2025-05-30 16:12:42.958842,52.154990211653185
2025-05-30 16:13:12.958842,54.873321747212934
2025-05-30 16:13:42.958842,44.176809861888266
2025-05-30 16:14:12.958842,34.10119263448101
2025-05-30 16:14:42.958842,41.2742222870117
2025-05-30 16:15:12.958842,61.29546045071826
2025-05-30 16:15:42.958842,61.27440825954275
2025-05-30 16:16:12.958842,30.35614903384898
2025-05-30 16:16:42.958842,52.13148695151664
2025-05-30 16:17:12.958842,36.69241274039012
2025-05-30 16:17:42.958842,48.1142311387967
2025-05-30 16:18:12.958842,54.017063413466175
2025-05-30 16:18:42.958842,52.021050551689555
2025-05-30 16:19:12.958842,59.61825641255763
2025-05-30 16:19:42.958842,64.41153109122902
2025-05-30 16:20:12.958842,55.952467282819484
2025-05-30 16:20:42.958842,41.91986844343231
2025-05-30 16:21:12.958842,58.93829533035533
2025-05-30 16:21:42.958842,42.95292575263352
2025-05-30 16:22:12.958842,51.39385654663563
2025-05-30 16:22:42.958842,36.530925861278234
2025-05-30 16:23:12.958842,47.405982917394596
2025-05-30 16:23:42.958842,49.84518710360632
2025-05-30 16:24:12.958842,43.41199121915976
2025-05-30 16:24:42.958842,54.1957386892145
2025-05-30 16:25:12.958842,37.20160122654494
2025-05-30 16:25:42.958842,41.42098569438581
2025-05-30 16:26:12.958842,63.961621143873955
2025-05-30 16:26:42.958842,49.40016768536397
2025-05-30 16:27:12.958842,63.23590724211523
2025-05-30 16:27:42.958842,67.1569516527776
2025-05-30 16:28:12.958842,41.27690692132865
2025-05-30 16:28:42.958842,42.41761015740723
2025-05-30 16:29:12.958842,62.77368221831678
2025-05-30 16:29:42.958842,41.113504966999116
2025-05-30 16:30:12.958842,47.2751342595903
2025-05-30 16:30:42.958842,36.44920880356597
2025-05-30 16:31:12.958842,42.00880094815879
2025-05-30 16:31:42.958842,78.07838299186601
2025-05-30 16:32:12.958842,36.86311368629922
2025-05-30 16:32:42.958842,40.64777492589809
2025-05-30 16:33:12.958842,42.34694062495819
2025-05-30 16:33:42.958842,40.10572211880567
2025-05-30 16:34:12.958842,62.91857096613205
2025-05-30 16:34:42.958842,50.209937620220266
2025-05-30 16:35:12.958842,37.46950256364323
2025-05-30 16:35:42.958842,43.1453747249516
2025-05-30 16:36:12.958842,53.83131817639301
2025-05-30 16:36:42.958842,48.370993221482756
2025-05-30 16:37:12.958842,52.88311829190205
2025-05-30 16:37:42.958842,44.58105881504636
2025-05-30 16:38:12.958842,58.61834052372492
2025-05-30 16:38:42.958842,49.52314741320371
2025-05-30 16:39:12.958842,59.41234463476354
2025-05-30 16:39:42.958842,66.03357795211059
2025-05-30 16:40:12.958842,50.00288428596819
2025-05-30 16:40:42.958842,57.32049996837177
2025-05-30 16:41:12.958842,47.68832684866665
2025-05-30 16:41:42.958842,68.05691652840507
2025-05-30 16:42:12.958842,40.073158360950174
2025-05-30 16:42:42.958842,57.824520555486636
2025-05-30 16:43:12.958842,48.95172038071952
2025-05-30 16:43:42.958842,61.776031267093
2025-05-30 16:44:12.958842,48.34959095666674
2025-05-30 16:44:42.958842,37.566660333687025
2025-05-30 16:45:12.958842,33.60995846666217
2025-05-30 16:45:42.958842,50.637258702454595
2025-05-30 16:46:12.958842,73.4309269256837
2025-05-30 16:46:42.958842,62.20732882487449
2025-05-30 16:47:12.958842,50.34324640784319
2025-05-30 16:47:42.958842,48.25267834767165
2025-05-30 16:48:12.958842,61.74165020497536
2025-05-30 16:48:42.958842,57.88288453622196
2025-05-30 16:49:12.958842,47.31138327882937
2025-05-30 16:49:42.958842,44.904050872322834
2025-05-30 16:50:12.958842,61.87720197654793
2025-05-30 16:50:42.958842,49.33550552895762
2025-05-30 16:51:12.958842,40.458568712435
2025-05-30 16:51:42.958842,38.2227952043024
2025-05-30 16:52:12.958842,73.01473483051751
2025-05-30 16:52:42.958842,50.88476430043723
2025-05-30 16:53:12.958842,73.34439455995582
2025-05-30 16:53:42.958842,54.86994338145525
2025-05-30 16:54:12.958842,62.84650086920461
2025-05-30 16:54:42.958842,44.06460195493254
2025-05-30 16:55:12.958842,46.91838077408783
2025-05-30 16:55:42.958842,49.4496906858193
2025-05-30 16:56:12.958842,39.6927666120045
2025-05-30 16:56:42.958842,33.890199505277565
2025-05-30 16:57:12.958842,46.635075732002065
2025-05-30 16:57:42.958842,56.802487711796466
2025-05-30 16:58:12.958842,54.06934444900198
2025-05-30 16:58:42.958842,58.87318121955212
2025-05-30 16:59:12.958842,45.07495396171708
2025-05-30 16:59:42.958842,46.024379150505666
2025-05-30 17:00:12.958842,43.472459489583095
2025-05-30 17:00:42.958842,49.275217151286675
2025-05-30 17:01:12.958842,48.403731485768645
2025-05-30 17:01:42.958842,48.63090439129954
2025-05-30 17:02:12.958842,53.57468348768568
2025-05-30 17:02:42.958842,60.067322753177756
2025-05-30 17:03:12.958842,40.079310822124626
2025-05-30 17:03:42.958842,63.818768778221184
2025-05-30 17:04:12.958842,53.24866076509659
2025-05-30 17:04:42.958842,34.68677424860626
2025-05-30 17:05:12.958842,53.54623205466109
2025-05-30 17:05:42.958842,34.51045567697564
2025-05-30 17:06:12.958842,35.00912566866924
2025-05-30 17:06:42.958842,65.82860813374002
2025-05-30 17:07:12.958842,37.116534237084544
2025-05-30 17:07:42.958842,52.79227501468639
2025-05-30 17:08:12.958842,38.953256901727286
2025-05-30 17:08:42.958842,59.13533314161954
2025-05-30 17:09:12.958842,33.834721021850385
2025-05-30 17:09:42.958842,80.92525703467216
2025-05-30 17:10:12.958842,50.17604932074665
2025-05-30 17:10:42.958842,34.92389655367381
2025-05-30 17:11:12.958842,46.59009507474401
2025-05-30 17:11:42.958842,43.95307489365008
2025-05-30 17:12:12.958842,59.730048961166474
2025-05-30 17:12:42.958842,53.62666187660709
2025-05-30 17:13:12.958842,39.54616617465757
2025-05-30 17:13:42.958842,49.999796859879496
2025-05-30 17:14:12.958842,64.91854476336196
2025-05-30 17:14:42.958842,53.47554841503245
2025-05-30 17:15:12.958842,57.554358976286835
2025-05-30 17:15:42.958842,56.1066200518558
2025-05-30 17:16:12.958842,53.09717450410092
2025-05-30 17:16:42.958842,57.02406438023915
2025-05-30 17:17:12.958842,49.80837160891387
2025-05-30 17:17:42.958842,52.752049462133634
2025-05-30 17:18:12.958842,46.49376708543027
2025-05-30 17:18:42.958842,34.68544614748658
2025-05-30 17:19:12.958842,42.90416028438043
2025-05-30 17:19:42.958842,40.35581180641145
2025-05-30 17:20:12.958842,55.75296839671886
2025-05-30 17:20:42.958842,35.61081767013859
2025-05-30 17:21:12.958842,56.04303024332041
2025-05-30 17:21:42.958842,51.12692925238912
2025-05-30 17:22:12.958842,43.70617933678261
2025-05-30 17:22:42.958842,53.84627324184036
2025-05-30 17:23:12.958842,44.544065213335486
2025-05-30 17:23:42.958842,48.38817496119842
2025-05-30 17:24:12.958842,39.62419728231946
2025-05-30 17:24:42.958842,43.09082497818194
2025-05-30 17:25:12.958842,58.52042953822652
2025-05-30 17:25:42.958842,48.843440646800936
2025-05-30 17:26:12.958842,52.070260869486525
2025-05-30 17:26:42.958842,39.784782299594056
2025-05-30 17:27:12.958842,54.39717662269823
2025-05-30 17:27:42.958842,45.4958212270105
2025-05-30 17:28:12.958842,56.30379033591689
2025-05-30 17:28:42.958842,36.369069689392404
2025-05-30 17:29:12.958842,48.60590199615385
2025-05-30 17:29:42.958842,59.979764708595205
2025-05-30 17:30:12.958842,52.53034185436159
2025-05-30 17:30:42.958842,65.28988730847595
2025-05-30 17:31:12.958842,44.018534646661365
2025-05-30 17:31:42.958842,52.5975320520558
2025-05-30 17:32:12.958842,59.7496145160039
2025-05-30 17:32:42.958842,39.69599788841546
2025-05-30 17:33:12.958842,40.31821018176205
2025-05-30 17:33:42.958842,49.87324222261058
2025-05-30 17:34:12.958842,50.619119869390936
2025-05-30 17:34:42.958842,62.765254675491036
2025-05-30 17:35:12.958842,53.83809181716509
2025-05-30 17:35:42.958842,38.538457092265716
2025-05-30 17:36:12.958842,46.75441928248746
2025-05-30 17:36:42.958842,50.260037652948114
2025-05-30 17:37:12.958842,55.51275915780185
2025-05-30 17:37:42.958842,54.653051932328836
2025-05-30 17:38:12.958842,52.230916430396455
2025-05-30 17:38:42.958842,67.2225516411323
2025-05-30 17:39:12.958842,35.26935857619152
2025-05-30 17:39:42.958842,36.41610660999451
2025-05-30 17:40:12.958842,31.83139071263045
2025-05-30 17:40:42.958842,50.866849901510584
2025-05-30 17:41:12.958842,52.674173200616686
2025-05-30 17:41:42.958842,43.25583916635124
2025-05-30 17:42:12.958842,51.791711279385574
2025-05-30 17:42:42.958842,53.47168458841055
2025-05-30 17:43:12.958842,56.26125388630634
2025-05-30 17:43:42.958842,32.47193480896229
2025-05-30 17:44:12.958842,70.32782338103999
2025-05-30 17:44:42.958842,32.90433504511549
2025-05-30 17:45:12.958842,45.73340325449561
2025-05-30 17:45:42.958842,54.06023441615496
2025-05-30 17:46:12.958842,60.604611094594446
2025-05-30 17:46:42.958842,30.508392788884954
2025-05-30 17:47:12.958842,40.36214202694079
2025-05-30 17:47:42.958842,54.29759984487246
2025-05-30 17:48:12.958842,52.18906317359148
2025-05-30 17:48:42.958842,60.749121549415406
2025-05-30 17:49:12.958842,67.03955652678938
2025-05-30 17:49:42.958842,49.731113084457235
2025-05-30 17:50:12.958842,51.36169028380001
2025-05-30 17:50:42.958842,59.46161416720563
2025-05-30 17:51:12.958842,40.35211055693704
2025-05-30 17:51:42.958842,48.07291950737353
2025-05-30 17:52:12.958842,27.69414038993359
2025-05-30 17:52:42.958842,35.51359957454646
2025-05-30 17:53:12.958842,26.926953897695142
2025-05-30 17:53:42.958842,51.57287934362741
2025-05-30 17:54:12.958842,57.29077196746081
2025-05-30 17:54:42.958842,56.67366891758845
2025-05-30 17:55:12.958842,45.334112036889664
2025-05-30 17:55:42.958842,51.60812887085262
2025-05-30 17:56:12.958842,29.29803747979479
2025-05-30 17:56:42.958842,43.57768214442476
2025-05-30 17:57:12.958842,49.63250629017268
2025-05-30 17:57:42.958842,63.79524186321113
2025-05-30 17:58:12.958842,47.04016248518712
2025-05-30 17:58:42.958842,42.39134087937679
2025-05-30 17:59:12.958842,51.12510683236112
2025-05-30 17:59:42.958842,59.3569526038857
2025-05-30 18:00:12.958842,51.395155190316636
2025-05-30 18:00:42.958842,34.870138384871055
2025-05-30 18:01:12.958842,48.02215534974395
2025-05-30 18:01:42.958842,44.7320476323449
2025-05-30 18:02:12.958842,44.88936387716792
2025-05-30 18:02:42.958842,47.00109679780708
2025-05-30 18:03:12.958842,34.264056102803295
2025-05-30 18:03:42.958842,53.356478812519384
2025-05-30 18:04:12.958842,69.65085020880375
2025-05-30 18:04:42.958842,48.66299058940411
2025-05-30 18:05:12.958842,25.271712167816936
2025-05-30 18:05:42.958842,43.34808840794437
2025-05-30 18:06:12.958842,40.652485168698654
2025-05-30 18:06:42.958842,46.94721280725961
2025-05-30 18:07:12.958842,66.1805772397087
2025-05-30 18:07:42.958842,55.80163162629724
2025-05-30 18:08:12.958842,60.85815338215795
2025-05-30 18:08:42.958842,60.425421677409915
2025-05-30 18:09:12.958842,38.709416854707825
2025-05-30 18:09:42.958842,49.653996397295906
2025-05-30 18:10:12.958842,64.54881141059208
2025-05-30 18:10:42.958842,41.10632944041895
2025-05-30 18:11:12.958842,57.436474946241724
2025-05-30 18:11:42.958842,50.16934627269691
2025-05-30 18:12:12.958842,54.00601924362521
2025-05-30 18:12:42.958842,63.26274695969037
2025-05-30 18:13:12.958842,52.24382822332228
2025-05-30 18:13:42.958842,57.07851540426679
2025-05-30 18:14:12.958842,49.7932634087894
2025-05-30 18:14:42.958842,48.742333127952485
2025-05-30 18:15:12.958842,40.78010246236087
2025-05-30 18:15:42.958842,41.66279998499721
2025-05-30 18:16:12.958842,48.59172938808814
2025-05-30 18:16:42.958842,42.69954564859788
2025-05-30 18:17:12.958842,51.40734772181282
2025-05-30 18:17:42.958842,52.001988253461946
2025-05-30 18:18:12.958842,54.158400048314085
2025-05-30 18:18:42.958842,40.614211679280416
2025-05-30 18:19:12.958842,39.64154841235701
2025-05-30 18:19:42.958842,73.41735066210691
2025-05-30 18:20:12.958842,62.0517436496738
2025-05-30 18:20:42.958842,66.4777682285361
2025-05-30 18:21:12.958842,30.896222042908555
2025-05-30 18:21:42.958842,31.19146180313818
2025-05-30 18:22:12.958842,39.73344150631053
2025-05-30 18:22:42.958842,44.375650308577924
2025-05-30 18:23:12.958842,45.297793370643504
2025-05-30 18:23:42.958842,36.79016221676871
2025-05-30 18:24:12.958842,52.27521772123933
2025-05-30 18:24:42.958842,45.28853437952665
2025-05-30 18:25:12.958842,43.56801524161095
2025-05-30 18:25:42.958842,42.674394011476096
2025-05-30 18:26:12.958842,35.56966442023533
2025-05-30 18:26:42.958842,50.01167862185768
2025-05-30 18:27:12.958842,63.570526663637466
2025-05-30 18:27:42.958842,45.050463824848656
2025-05-30 18:28:12.958842,52.128606242113435
2025-05-30 18:28:42.958842,36.59885503080811
2025-05-30 18:29:12.958842,57.836081351965525
2025-05-30 18:29:42.958842,49.65713572946439
2025-05-30 18:30:12.958842,49.526012070916046
2025-05-30 18:30:42.958842,47.75225108428957
2025-05-30 18:31:12.958842,51.456938460269505
2025-05-30 18:31:42.958842,45.680479356255624
2025-05-30 18:32:12.958842,54.32747763355221
2025-05-30 18:32:42.958842,43.55095125380156
2025-05-30 18:33:12.958842,59.86876938186609
2025-05-30 18:33:42.958842,47.51357787416573
2025-05-30 18:34:12.958842,24.266265048210194
2025-05-30 18:34:42.958842,43.19407377768087
2025-05-30 18:35:12.958842,54.379551160916776
2025-05-30 18:35:42.958842,56.70531782626661
2025-05-30 18:36:12.958842,43.17419722571894
2025-05-30 18:36:42.958842,45.92980094134014
2025-05-30 18:37:12.958842,54.033544278306785
2025-05-30 18:37:42.958842,44.56891376203209
2025-05-30 18:38:12.958842,50.24838582329059
2025-05-30 18:38:42.958842,50.13767836429535
2025-05-30 18:39:12.958842,45.051484217462935
2025-05-30 18:39:42.958842,47.16328336916393
2025-05-30 18:40:12.958842,46.62841130988099
2025-05-30 18:40:42.958842,55.86733818154266
2025-05-30 18:41:12.958842,42.23201765313756
2025-05-30 18:41:42.958842,60.21364510675708
2025-05-30 18:42:12.958842,42.864641786636014
2025-05-30 18:42:42.958842,43.939434409707786
2025-05-30 18:43:12.958842,62.47184406304427
2025-05-30 18:43:42.958842,58.38529296104625
2025-05-30 18:44:12.958842,52.245656172252716
2025-05-30 18:44:42.958842,48.88283788011812
2025-05-30 18:45:12.958842,54.69629272122729
2025-05-30 18:45:42.958842,47.05968831926122
2025-05-30 18:46:12.958842,49.173414605442076
2025-05-30 18:46:42.958842,56.11858134799021
2025-05-30 18:47:12.958842,43.31988301646631
2025-05-30 18:47:42.958842,31.562724460100654
2025-05-30 18:48:12.958842,49.34363522319468
2025-05-30 18:48:42.958842,52.41820579837012
2025-05-30 18:49:12.958842,44.819306264983965
2025-05-30 18:49:42.958842,62.51099462761024
2025-05-30 18:50:12.958842,51.53220845075076
2025-05-30 18:50:42.958842,61.03081288452934
2025-05-30 18:51:12.958842,64.38968097905652
2025-05-30 18:51:42.958842,58.60913762501675
2025-05-30 18:52:12.958842,46.798249401049304
2025-05-30 18:52:42.958842,59.064872294248964
2025-05-30 18:53:12.958842,61.679551121732594
2025-05-30 18:53:42.958842,51.398916268800185
2025-05-30 18:54:12.958842,48.36623916507214
2025-05-30 18:54:42.958842,55.06329196419804
2025-05-30 18:55:12.958842,50.12846808960135
2025-05-30 18:55:42.958842,32.263622163294244
2025-05-30 18:56:12.958842,64.57661624648952
2025-05-30 18:56:42.958842,35.54447241476261
2025-05-30 18:57:12.958842,47.10360221052887
2025-05-30 18:57:42.958842,41.50864584473395
2025-05-30 18:58:12.958842,31.601656397155573
2025-05-30 18:58:42.958842,61.472276956850735
2025-05-30 18:59:12.958842,56.01066943445461
2025-05-30 18:59:42.958842,51.10956639030635
2025-05-30 19:00:12.958842,49.64325173739959
2025-05-30 19:00:42.958842,50.96552745977797
2025-05-30 19:01:12.958842,43.64722678346703
2025-05-30 19:01:42.958842,45.077946991694745
2025-05-30 19:02:12.958842,38.74936142175754
2025-05-30 19:02:42.958842,47.37098025090807
2025-05-30 19:03:12.958842,49.14345119394745
2025-05-30 19:03:42.958842,61.26533700420552
2025-05-30 19:04:12.958842,45.05219600665923
2025-05-30 19:04:42.958842,46.14430718736801
2025-05-30 19:05:12.958842,47.57116929145512
2025-05-30 19:05:42.958842,51.80368816127234
2025-05-30 19:06:12.958842,57.60854393159569
2025-05-30 19:06:42.958842,44.730008984702195
2025-05-30 19:07:12.958842,45.963216536749066
2025-05-30 19:07:42.958842,53.348433800450536
2025-05-30 19:08:12.958842,50.900622943504004
2025-05-30 19:08:42.958842,46.69777862568909
2025-05-30 19:09:12.958842,58.20890951076443
2025-05-30 19:09:42.958842,61.60872553665706
2025-05-30 19:10:12.958842,66.99126644040953
2025-05-30 19:10:42.958842,28.120069924798425
2025-05-30 19:11:12.958842,48.17457229022723
2025-05-30 19:11:42.958842,47.50486393175825
2025-05-30 19:12:12.958842,54.44568760661283
2025-05-30 19:12:42.958842,57.82323238865406
2025-05-30 19:13:12.958842,34.19902936657233
2025-05-30 19:13:42.958842,41.47397217290509
2025-05-30 19:14:12.958842,70.76638776495273
2025-05-30 19:14:42.958842,54.17419604339215
2025-05-30 19:15:12.958842,53.90436129554068
2025-05-30 19:15:42.958842,49.35354356213507
2025-05-30 19:16:12.958842,29.292460482969197
2025-05-30 19:16:42.958842,43.150245221321605
2025-05-30 19:17:12.958842,44.58586400561689
2025-05-30 19:17:42.958842,52.96523497830284
2025-05-30 19:18:12.958842,52.812326572038884
2025-05-30 19:18:42.958842,46.92375556994284
2025-05-30 19:19:12.958842,46.364169448543564
2025-05-30 19:19:42.958842,67.74905344696518
2025-05-30 19:20:12.958842,41.92767292715111
2025-05-30 19:20:42.958842,52.02280155469741
2025-05-30 19:21:12.958842,61.13198271291711
2025-05-30 19:21:42.958842,48.59920942862744
2025-05-30 19:22:12.958842,20.0
2025-05-30 19:22:42.958842,50.364187277417045
2025-05-30 19:23:12.958842,46.598696875443544
2025-05-30 19:23:42.958842,37.69813934325441
2025-05-30 19:24:12.958842,49.38705106825398
2025-05-30 19:24:42.958842,52.04760919243497
2025-05-30 19:25:12.958842,61.607209586171734
2025-05-30 19:25:42.958842,46.45471851536154
2025-05-30 19:26:12.958842,53.07254895625501
2025-05-30 19:26:42.958842,50.620152938225786
2025-05-30 19:27:12.958842,50.445182860636635
2025-05-30 19:27:42.958842,51.10430436484429
2025-05-30 19:28:12.958842,43.65859881589221
2025-05-30 19:28:42.958842,46.17302787742642
2025-05-30 19:29:12.958842,51.67000176135691
2025-05-30 19:29:42.958842,44.88177726195909
2025-05-30 19:30:12.958842,69.07611613590328
2025-05-30 19:30:42.958842,44.72879537549906
2025-05-30 19:31:12.958842,34.47133008636332
2025-05-30 19:31:42.958842,54.067161758943996
2025-05-30 19:32:12.958842,58.135328943176944
2025-05-30 19:32:42.958842,56.99078780233938
2025-05-30 19:33:12.958842,52.18873848640777
2025-05-30 19:33:42.958842,48.563810793779204
2025-05-30 19:34:12.958842,60.87273905438282
2025-05-30 19:34:42.958842,40.446775360447845
2025-05-30 19:35:12.958842,50.75849997839671
2025-05-30 19:35:42.958842,48.42240969351815
2025-05-30 19:36:12.958842,66.47977023281877
2025-05-30 19:36:42.958842,60.57275436644571
2025-05-30 19:37:12.958842,35.63603310747777
2025-05-30 19:37:42.958842,60.78887210909161
2025-05-30 19:38:12.958842,66.96666352915807
2025-05-30 19:38:42.958842,48.90298500546926
2025-05-30 19:39:12.958842,60.08907223187411
2025-05-30 19:39:42.958842,62.79178592433977
2025-05-30 19:40:12.958842,52.96842911579036
2025-05-30 19:40:42.958842,56.88801260811606
2025-05-30 19:41:12.958842,45.269288700304514
2025-05-30 19:41:42.958842,49.537503737197966
2025-05-30 19:42:12.958842,44.32809608877362
2025-05-30 19:42:42.958842,49.59221705357196
2025-05-30 19:43:12.958842,49.78846189205529
2025-05-30 19:43:42.958842,49.61963554520198
2025-05-30 19:44:12.958842,57.33741124275117
2025-05-30 19:44:42.958842,50.38733054488789
2025-05-30 19:45:12.958842,44.124985377911386
2025-05-30 19:45:42.958842,62.82923380152259
2025-05-30 19:46:12.958842,52.29391725575455
2025-05-30 19:46:42.958842,59.76993485063035
2025-05-30 19:47:12.958842,20.0
2025-05-30 19:47:42.958842,31.36222554254546
2025-05-30 19:48:12.958842,44.387056264665674
2025-05-30 19:48:42.958842,40.736888105283214
2025-05-30 19:49:12.958842,74.45790381843159
2025-05-30 19:49:42.958842,62.9461506529939
2025-05-30 19:50:12.958842,60.78523359008939
2025-05-30 19:50:42.958842,50.78775504353813
2025-05-30 19:51:12.958842,39.096237690079896
2025-05-30 19:51:42.958842,32.027973949797
2025-05-30 19:52:12.958842,36.76131485265106
2025-05-30 19:52:42.958842,47.15216492952587
2025-05-30 19:53:12.958842,40.73575238750873
2025-05-30 19:53:42.958842,55.80801546434516
2025-05-30 19:54:12.958842,38.05855151623914
2025-05-30 19:54:42.958842,40.060799628720076
2025-05-30 19:55:12.958842,52.31199939308876
2025-05-30 19:55:42.958842,47.53892423628016
2025-05-30 19:56:12.958842,49.890861121914945
2025-05-30 19:56:42.958842,47.03606274154251
2025-05-30 19:57:12.958842,51.44568554707046
2025-05-30 19:57:42.958842,40.667566691609146
2025-05-30 19:58:12.958842,62.05329121838557
2025-05-30 19:58:42.958842,48.91570907542945
2025-05-30 19:59:12.958842,23.934418314493836
2025-05-30 19:59:42.958842,46.183430471196374
2025-05-30 20:00:12.958842,43.14808908388828
2025-05-30 20:00:42.958842,42.476671534831134
2025-05-30 20:01:12.958842,37.78728196695115
2025-05-30 20:01:42.958842,49.23104994009787
2025-05-30 20:02:12.958842,34.46841074866981
2025-05-30 20:02:42.958842,46.83036365774031
2025-05-30 20:03:12.958842,64.6505537343248
2025-05-30 20:03:42.958842,54.31372397635086
2025-05-30 20:04:12.958842,44.70641528985962
2025-05-30 20:04:42.958842,56.92941458145194
2025-05-30 20:05:12.958842,51.94995506512061
2025-05-30 20:05:42.958842,74.58224803815496
2025-05-30 20:06:12.958842,64.44212820546255
2025-05-30 20:06:42.958842,59.23104927125134
2025-05-30 20:07:12.958842,44.523080360721224
2025-05-30 20:07:42.958842,39.286239859414536
2025-05-30 20:08:12.958842,57.24700204742891
2025-05-30 20:08:42.958842,59.75083802930614
2025-05-30 20:09:12.958842,49.19887167070715
2025-05-30 20:09:42.958842,55.833970598231204
2025-05-30 20:10:12.958842,47.1309548101883
2025-05-30 20:10:42.958842,36.321074729739884
2025-05-30 20:11:12.958842,45.38442607215714
2025-05-30 20:11:42.958842,30.600362825088283
2025-05-30 20:12:12.958842,40.951593024601095
2025-05-30 20:12:42.958842,47.78003330707736
2025-05-30 20:13:12.958842,65.78387036012646
2025-05-30 20:13:42.958842,47.852481397169015
2025-05-30 20:14:12.958842,34.20140563372064
2025-05-30 20:14:42.958842,38.21949184172748
2025-05-30 20:15:12.958842,63.20034240734287
2025-05-30 20:15:42.958842,40.633111770497635
2025-05-30 20:16:12.958842,42.96713212170165
2025-05-30 20:16:42.958842,43.967118286839124
2025-05-30 20:17:12.958842,29.973485090902827
2025-05-30 20:17:42.958842,47.21502152979291
2025-05-30 20:18:12.958842,59.34705320422352
2025-05-30 20:18:42.958842,43.12392969949097
2025-05-30 20:19:12.958842,38.75705743663494
2025-05-30 20:19:42.958842,42.91954400469722
2025-05-30 20:20:12.958842,77.92068296020489
2025-05-30 20:20:42.958842,46.62973009752085
2025-05-30 20:21:12.958842,39.12736183983522
2025-05-30 20:21:42.958842,48.408744065446015
2025-05-30 20:22:12.958842,55.03876604624624
2025-05-30 20:22:42.958842,44.45134007447797
2025-05-30 20:23:12.958842,43.62763738785845
2025-05-30 20:23:42.958842,40.01759486566493
2025-05-30 20:24:12.958842,56.02588541185849
2025-05-30 20:24:42.958842,51.15754271188384
2025-05-30 20:25:12.958842,39.30947478415301
2025-05-30 20:25:42.958842,51.322534725106074
2025-05-30 20:26:12.958842,52.587652312893475
2025-05-30 20:26:42.958842,34.54523576430441
2025-05-30 20:27:12.958842,58.033498578850484
2025-05-30 20:27:42.958842,60.878518022946416
2025-05-30 20:28:12.958842,60.46728800181848
2025-05-30 20:28:42.958842,50.33752358093259
2025-05-30 20:29:12.958842,43.12657253432112
2025-05-30 20:29:42.958842,43.21229299732231
2025-05-30 20:30:12.958842,60.71164369912273
2025-05-30 20:30:42.958842,62.89390744245475
2025-05-30 20:31:12.958842,34.323859494904305
2025-05-30 20:31:42.958842,34.46579517576321
2025-05-30 20:32:12.958842,46.532897905619805
2025-05-30 20:32:42.958842,52.4670300618954
2025-05-30 20:33:12.958842,57.80945504536564
2025-05-30 20:33:42.958842,50.16684139205826
2025-05-30 20:34:12.958842,48.32745720348931
2025-05-30 20:34:42.958842,51.55705666104133
2025-05-30 20:35:12.958842,28.668023905627447
2025-05-30 20:35:42.958842,45.53193923749254
2025-05-30 20:36:12.958842,54.05251262414514
2025-05-30 20:36:42.958842,67.89610099134269
2025-05-30 20:37:12.958842,61.492624278046854
2025-05-30 20:37:42.958842,48.54986263207213
2025-05-30 20:38:12.958842,37.01546497836712
2025-05-30 20:38:42.958842,36.937307160424275
2025-05-30 20:39:12.958842,56.25846122529609
2025-05-30 20:39:42.958842,42.15169327230292
2025-05-30 20:40:12.958842,50.60457248791129
2025-05-30 20:40:42.958842,44.481877242787796
2025-05-30 20:41:12.958842,47.07381396344187
2025-05-30 20:41:42.958842,69.5133746432432
2025-05-30 20:42:12.958842,49.55125123540816
2025-05-30 20:42:42.958842,65.76086863454485
2025-05-30 20:43:12.958842,60.58996065537427
2025-05-30 20:43:42.958842,31.59870252454059
2025-05-30 20:44:12.958842,40.35534973942563
2025-05-30 20:44:42.958842,52.30236109715179
2025-05-30 20:45:12.958842,50.23525310963026
2025-05-30 20:45:42.958842,31.41911700944741
2025-05-30 20:46:12.958842,50.02831196544571
2025-05-30 20:46:42.958842,53.88974233573343
2025-05-30 20:47:12.958842,43.86058719914979
2025-05-30 20:47:42.958842,34.689636824920456
2025-05-30 20:48:12.958842,45.41273192470672
2025-05-30 20:48:42.958842,57.20505922990494
2025-05-30 20:49:12.958842,42.264861446338806
2025-05-30 20:49:42.958842,52.927636444698315
2025-05-30 20:50:12.958842,66.42976665157694
2025-05-30 20:50:42.958842,51.98386878087174
2025-05-30 20:51:12.958842,40.87557537063733
2025-05-30 20:51:42.958842,47.297268254747614
2025-05-30 20:52:12.958842,45.718878525625726
2025-05-30 20:52:42.958842,47.520115846790084
2025-05-30 20:53:12.958842,38.143606321094964
2025-05-30 20:53:42.958842,56.47007802751057
2025-05-30 20:54:12.958842,52.95431107420786
2025-05-30 20:54:42.958842,34.071656000222234
2025-05-30 20:55:12.958842,62.18113645366185
2025-05-30 20:55:42.958842,48.11115719161643
2025-05-30 20:56:12.958842,32.71116499212482
2025-05-30 20:56:42.958842,42.96615861136828
2025-05-30 20:57:12.958842,44.491705875051046
2025-05-30 20:57:42.958842,34.242746145670154
2025-05-30 20:58:12.958842,80.88307557383686
2025-05-30 20:58:42.958842,46.60022582898019
2025-05-30 20:59:12.958842,41.51257829020265
2025-05-30 20:59:42.958842,61.79719253908092
2025-05-30 21:00:12.958842,49.33349909362665
2025-05-30 21:00:42.958842,57.73371490698849
2025-05-30 21:01:12.958842,48.230483824936364
2025-05-30 21:01:42.958842,40.112023777809426
2025-05-30 21:02:12.958842,47.624014760470686
2025-05-30 21:02:42.958842,64.11516964940463
2025-05-30 21:03:12.958842,46.27100400242983
2025-05-30 21:03:42.958842,44.160559204730106
2025-05-30 21:04:12.958842,34.593287818035165
2025-05-30 21:04:42.958842,49.944976791638986
2025-05-30 21:05:12.958842,46.59789913835444
2025-05-30 21:05:42.958842,55.28980036739125
2025-05-30 21:06:12.958842,51.19158955125747
2025-05-30 21:06:42.958842,54.41980946612029
2025-05-30 21:07:12.958842,51.12526903896666
2025-05-30 21:07:42.958842,55.80244916020855
2025-05-30 21:08:12.958842,39.00351918328576
2025-05-30 21:08:42.958842,47.58922063323854
2025-05-30 21:09:12.958842,68.78403006651587
2025-05-30 21:09:42.958842,58.38855672479984
2025-05-30 21:10:12.958842,48.379477534646135
2025-05-30 21:10:42.958842,71.97438440999143
2025-05-30 21:11:12.958842,57.49866887915957
2025-05-30 21:11:42.958842,67.07678719633694
2025-05-30 21:12:12.958842,28.058101711290856
2025-05-30 21:12:42.958842,33.74266363555368
2025-05-30 21:13:12.958842,46.63791882881389
2025-05-30 21:13:42.958842,45.364345879286034
2025-05-30 21:14:12.958842,56.57075321425577
2025-05-30 21:14:42.958842,42.28273221153243
2025-05-30 21:15:12.958842,50.22819462818236
2025-05-30 21:15:42.958842,38.88779833717846
2025-05-30 21:16:12.958842,56.23557379962376
2025-05-30 21:16:42.958842,55.27612198776279
2025-05-30 21:17:12.958842,57.87765524773901
2025-05-30 21:17:42.958842,51.50775837223958
2025-05-30 21:18:12.958842,44.94697966591318
2025-05-30 21:18:42.958842,45.98374194854232
2025-05-30 21:19:12.958842,38.24433137096227
2025-05-30 21:19:42.958842,27.14914023715234
2025-05-30 21:20:12.958842,47.13947464552443
2025-05-30 21:20:42.958842,61.084514882682846
2025-05-30 21:21:12.958842,61.5182269965034
2025-05-30 21:21:42.958842,48.489291329209024
2025-05-30 21:22:12.958842,70.45068806859388
2025-05-30 21:22:42.958842,58.93253429725068
2025-05-30 21:23:12.958842,46.47559984611105
2025-05-30 21:23:42.958842,55.8255929264892
2025-05-30 21:24:12.958842,37.74206494213536
2025-05-30 21:24:42.958842,52.91100835464927
2025-05-30 21:25:12.958842,49.988911832071565
2025-05-30 21:25:42.958842,52.0237932735009
2025-05-30 21:26:12.958842,38.6088292922588
2025-05-30 21:26:42.958842,44.86831061394359
2025-05-30 21:27:12.958842,47.94497096248064
2025-05-30 21:27:42.958842,43.72139349246883
2025-05-30 21:28:12.958842,44.81554171015895
2025-05-30 21:28:42.958842,38.10168501154311
2025-05-30 21:29:12.958842,35.7423394303791
2025-05-30 21:29:42.958842,24.823557545648104
2025-05-30 21:30:12.958842,37.98905404806195
2025-05-30 21:30:42.958842,53.63137783209893
2025-05-30 21:31:12.958842,41.97925864841814
2025-05-30 21:31:42.958842,50.64282160290384
2025-05-30 21:32:12.958842,62.88726389136497
2025-05-30 21:32:42.958842,32.96331952854773
2025-05-30 21:33:12.958842,44.22134933280253
2025-05-30 21:33:42.958842,52.456199924725325
2025-05-30 21:34:12.958842,55.417397455395786
2025-05-30 21:34:42.958842,49.29904381942132
2025-05-30 21:35:12.958842,62.501810337884585
2025-05-30 21:35:42.958842,42.91321912426254
2025-05-30 21:36:12.958842,46.942905638426744
2025-05-30 21:36:42.958842,52.21623432465003
2025-05-30 21:37:12.958842,37.0572176927605
2025-05-30 21:37:42.958842,41.568328589508766
2025-05-30 21:38:12.958842,64.55036922646242
2025-05-30 21:38:42.958842,55.04276386971259
2025-05-30 21:39:12.958842,44.88242468925207
2025-05-30 21:39:42.958842,65.97737105812044
2025-05-30 21:40:12.958842,63.37002742072233
2025-05-30 21:40:42.958842,44.60208991731504
2025-05-30 21:41:12.958842,37.3477972786483
2025-05-30 21:41:42.958842,54.474273105581844
2025-05-30 21:42:12.958842,50.61959741429777
2025-05-30 21:42:42.958842,55.4806227324978
2025-05-30 21:43:12.958842,58.41772510935426
2025-05-30 21:43:42.958842,34.48936079573691
2025-05-30 21:44:12.958842,38.462456449782245
2025-05-30 21:44:42.958842,57.549488636493614
2025-05-30 21:45:12.958842,57.606470395205385
2025-05-30 21:45:42.958842,54.79737448727793
2025-05-30 21:46:12.958842,52.97048795899448
2025-05-30 21:46:42.958842,58.73816737290559
2025-05-30 21:47:12.958842,45.378192213560304
2025-05-30 21:47:42.958842,68.79898598444929
2025-05-30 21:48:12.958842,43.637975545012466
2025-05-30 21:48:42.958842,53.87251098279586
2025-05-30 21:49:12.958842,58.958129496654024
2025-05-30 21:49:42.958842,47.4483621086631
2025-05-30 21:50:12.958842,54.673140331718415
2025-05-30 21:50:42.958842,61.222040926000375
2025-05-30 21:51:12.958842,47.94298060223236
2025-05-30 21:51:42.958842,47.45725322899916
2025-05-30 21:52:12.958842,60.298696916538326
2025-05-30 21:52:42.958842,41.00673210889694
2025-05-30 21:53:12.958842,58.996262646466896
2025-05-30 21:53:42.958842,52.310915018935034
2025-05-30 21:54:12.958842,60.629600283863994
2025-05-30 21:54:42.958842,64.24743589652923
2025-05-30 21:55:12.958842,26.612498277098908
2025-05-30 21:55:42.958842,64.24169143594314
2025-05-30 21:56:12.958842,46.954201248972346
2025-05-30 21:56:42.958842,37.37885689851473
2025-05-30 21:57:12.958842,45.1905800226448
2025-05-30 21:57:42.958842,60.449071125041506
2025-05-30 21:58:12.958842,49.900660860781535
2025-05-30 21:58:42.958842,53.26360878023507
2025-05-30 21:59:12.958842,49.834235051772396
2025-05-30 21:59:42.958842,41.52845510773637
2025-05-30 22:00:12.958842,55.959277251129954
2025-05-30 22:00:42.958842,54.78177906986281
2025-05-30 22:01:12.958842,58.59004412058278
2025-05-30 22:01:42.958842,55.15559953928239
2025-05-30 22:02:12.958842,56.58710415165145
2025-05-30 22:02:42.958842,60.041076195924745
2025-05-30 22:03:12.958842,40.75495603766411
2025-05-30 22:03:42.958842,40.427998599005335
2025-05-30 22:04:12.958842,41.70543412846753
2025-05-30 22:04:42.958842,55.7279891325748
2025-05-30 22:05:12.958842,57.83699344536358
2025-05-30 22:05:42.958842,64.6833532438056
2025-05-30 22:06:12.958842,55.69567713868403
2025-05-30 22:06:42.958842,44.23360738471074
2025-05-30 22:07:12.958842,41.986537539561844
2025-05-30 22:07:42.958842,48.41024691952683
2025-05-30 22:08:12.958842,42.539795011058544
2025-05-30 22:08:42.958842,47.617552442362346
2025-05-30 22:09:12.958842,56.04232211053917
2025-05-30 22:09:42.958842,76.45180321710924
2025-05-30 22:10:12.958842,30.726141860445463
2025-05-30 22:10:42.958842,37.954317356694375
2025-05-30 22:11:12.958842,41.759360836239686
2025-05-30 22:11:42.958842,26.75244897653602
2025-05-30 22:12:12.958842,41.74448736137656
2025-05-30 22:12:42.958842,51.164962329745784
2025-05-30 22:13:12.958842,57.39517918942825
2025-05-30 22:13:42.958842,54.99612729520746
2025-05-30 22:14:12.958842,57.698961226665034
2025-05-30 22:14:42.958842,45.21792762618588
2025-05-30 22:15:12.958842,37.397312273936656
2025-05-30 22:15:42.958842,55.76294944375032
2025-05-30 22:16:12.958842,37.0977514199291
2025-05-30 22:16:42.958842,68.85929153209099
2025-05-30 22:17:12.958842,55.995048169588124
2025-05-30 22:17:42.958842,42.54630153808167
2025-05-30 22:18:12.958842,55.42684184193749
2025-05-30 22:18:42.958842,51.10336248484973
2025-05-30 22:19:12.958842,50.6085249128412
2025-05-30 22:19:42.958842,55.7059604487894
2025-05-30 22:20:12.958842,43.17701749229439
2025-05-30 22:20:42.958842,53.705187410705314
2025-05-30 22:21:12.958842,53.217285186082904
2025-05-30 22:21:42.958842,35.01288836355781
2025-05-30 22:22:12.958842,57.61683452042516
2025-05-30 22:22:42.958842,30.642725556896956
2025-05-30 22:23:12.958842,40.678376032362635
2025-05-30 22:23:42.958842,58.0729976801048
2025-05-30 22:24:12.958842,42.19049621054454
2025-05-30 22:24:42.958842,49.80180840850438
2025-05-30 22:25:12.958842,44.29393201631116
2025-05-30 22:25:42.958842,54.2043342005789
2025-05-30 22:26:12.958842,54.61406286104883
2025-05-30 22:26:42.958842,56.77118974601536
2025-05-30 22:27:12.958842,48.04776322443255
2025-05-30 22:27:42.958842,49.57289682015988
2025-05-30 22:28:12.958842,62.693583782539
2025-05-30 22:28:42.958842,66.71050865778373
2025-05-30 22:29:12.958842,47.75405138414195
2025-05-30 22:29:42.958842,37.09542969004475
2025-05-30 22:30:12.958842,41.5316848438652
2025-05-30 22:30:42.958842,57.638091532589236
2025-05-30 22:31:12.958842,86.91686822523626
2025-05-30 22:31:42.958842,58.33842994808437
2025-05-30 22:32:12.958842,40.660670370022146
2025-05-30 22:32:42.958842,59.41941690005096
2025-05-30 22:33:12.958842,55.27861376834283
2025-05-30 22:33:42.958842,51.71026606391522
2025-05-30 22:34:12.958842,34.133257514223736
2025-05-30 22:34:42.958842,24.515201127372865
2025-05-30 22:35:12.958842,48.45283537075667
2025-05-30 22:35:42.958842,60.34303766472185
2025-05-30 22:36:12.958842,47.02968930729594
2025-05-30 22:36:42.958842,46.64588026242183
2025-05-30 22:37:12.958842,67.57187217576029
2025-05-30 22:37:42.958842,58.62809284570683
2025-05-30 22:38:12.958842,47.98603567220771
2025-05-30 22:38:42.958842,52.04281374894493
2025-05-30 22:39:12.958842,53.8368635188022
2025-05-30 22:39:42.958842,49.32540856466081
2025-05-30 22:40:12.958842,42.06270433834157
2025-05-30 22:40:42.958842,54.306838768862484
2025-05-30 22:41:12.958842,37.43424546077112
2025-05-30 22:41:42.958842,51.14903433313251
2025-05-30 22:42:12.958842,41.60579739242222
2025-05-30 22:42:42.958842,58.8378460255513
2025-05-30 22:43:12.958842,59.484725951352466
2025-05-30 22:43:42.958842,58.75288753405479
2025-05-30 22:44:12.958842,59.28568518963059
2025-05-30 22:44:42.958842,45.85839730758528
2025-05-30 22:45:12.958842,53.64242506281645
2025-05-30 22:45:42.958842,64.5913683503928
2025-05-30 22:46:12.958842,45.767582070748226
2025-05-30 22:46:42.958842,40.04472239711283
2025-05-30 22:47:12.958842,52.88171597249206
2025-05-30 22:47:42.958842,45.18523975821724
2025-05-30 22:48:12.958842,57.11609455471087
2025-05-30 22:48:42.958842,54.76100775447698
2025-05-30 22:49:12.958842,44.521297625957885
2025-05-30 22:49:42.958842,58.94221871967275
2025-05-30 22:50:12.958842,51.18101904233022
2025-05-30 22:50:42.958842,64.32016456292735
2025-05-30 22:51:12.958842,53.65686398480285
2025-05-30 22:51:42.958842,40.271237558828865
2025-05-30 22:52:12.958842,46.56624248128698
2025-05-30 22:52:42.958842,63.721832013564935
2025-05-30 22:53:12.958842,53.57157381423857
2025-05-30 22:53:42.958842,67.64509088015451
2025-05-30 22:54:12.958842,56.85829476970642
2025-05-30 22:54:42.958842,56.45564610841011
2025-05-30 22:55:12.958842,39.45078205240505
2025-05-30 22:55:42.958842,20.0
2025-05-30 22:56:12.958842,45.07928945775484
2025-05-30 22:56:42.958842,57.91418509971529
2025-05-30 22:57:12.958842,57.08907026280398
2025-05-30 22:57:42.958842,50.39503194443935
2025-05-30 22:58:12.958842,40.48611605037851
2025-05-30 22:58:42.958842,43.58339140295496
2025-05-30 22:59:12.958842,50.282929796585584
2025-05-30 22:59:42.958842,63.38764386644306
2025-05-30 23:00:12.958842,36.566354309619555
2025-05-30 23:00:42.958842,55.86885001258281
2025-05-30 23:01:12.958842,50.8943830132949
2025-05-30 23:01:42.958842,60.69910000522065
2025-05-30 23:02:12.958842,58.42636223743222
2025-05-30 23:02:42.958842,59.028873367022626
2025-05-30 23:03:12.958842,54.18329246724219
2025-05-30 23:03:42.958842,56.597282793522695
2025-05-30 23:04:12.958842,29.965076580101822
2025-05-30 23:04:42.958842,34.9188118629601
2025-05-30 23:05:12.958842,54.18145534682342
2025-05-30 23:05:42.958842,45.49938388682081
2025-05-30 23:06:12.958842,44.935265075607326
2025-05-30 23:06:42.958842,50.15048897520028
2025-05-30 23:07:12.958842,54.098018025881075
2025-05-30 23:07:42.958842,64.84904680945961
2025-05-30 23:08:12.958842,44.98606947323368
2025-05-30 23:08:42.958842,36.793752174074456
2025-05-30 23:09:12.958842,35.47808063013164
2025-05-30 23:09:42.958842,45.92652591897269
2025-05-30 23:10:12.958842,55.748066932403646
2025-05-30 23:10:42.958842,32.43158183756415
2025-05-30 23:11:12.958842,59.30450924271779
2025-05-30 23:11:42.958842,46.49113296151436
2025-05-30 23:12:12.958842,47.809186293040035
2025-05-30 23:12:42.958842,53.68582071681595
2025-05-30 23:13:12.958842,53.53423064533433
2025-05-30 23:13:42.958842,46.29346316543573
2025-05-30 23:14:12.958842,51.264275351476186
2025-05-30 23:14:42.958842,62.885026558530726
2025-05-30 23:15:12.958842,51.713091493317755
2025-05-30 23:15:42.958842,76.12089792043875
2025-05-30 23:16:12.958842,50.8263019663087
2025-05-30 23:16:42.958842,45.40087003451416
2025-05-30 23:17:12.958842,48.197031067992455
2025-05-30 23:17:42.958842,52.17211269137697
2025-05-30 23:18:12.958842,66.22924253720633
2025-05-30 23:18:42.958842,37.16420192348771
2025-05-30 23:19:12.958842,60.264804202985914
2025-05-30 23:19:42.958842,54.21315417342244
2025-05-30 23:20:12.958842,52.90500723304604
2025-05-30 23:20:42.958842,50.04325730661262
2025-05-30 23:21:12.958842,66.6345532094945
2025-05-30 23:21:42.958842,59.454355299306776
2025-05-30 23:22:12.958842,70.23420401855901
2025-05-30 23:22:42.958842,24.613370390806402
2025-05-30 23:23:12.958842,62.85281435839916
2025-05-30 23:23:42.958842,52.84572772577208
2025-05-30 23:24:12.958842,60.80201738475064
2025-05-30 23:24:42.958842,52.76652547274149
2025-05-30 23:25:12.958842,64.73053250804477
2025-05-30 23:25:42.958842,25.40209317834414
2025-05-30 23:26:12.958842,54.06805924450307
2025-05-30 23:26:42.958842,30.803674952807047
2025-05-30 23:27:12.958842,47.37076071392129
2025-05-30 23:27:42.958842,52.9687221193073
2025-05-30 23:28:12.958842,46.14370962073407
2025-05-30 23:28:42.958842,41.495643576288536
2025-05-30 23:29:12.958842,43.09767875723423
2025-05-30 23:29:42.958842,47.50052783154778
2025-05-30 23:30:12.958842,47.18812058146246
2025-05-30 23:30:42.958842,75.37560339319276
2025-05-30 23:31:12.958842,52.9586408970925
2025-05-30 23:31:42.958842,54.88088298314546
2025-05-30 23:32:12.958842,51.87254732871153
2025-05-30 23:32:42.958842,54.76926281462298
2025-05-30 23:33:12.958842,47.286589580265165
2025-05-30 23:33:42.958842,53.25777221122033
2025-05-30 23:34:12.958842,48.98536236003713
2025-05-30 23:34:42.958842,55.24333366414788
2025-05-30 23:35:12.958842,57.76430343414176
2025-05-30 23:35:42.958842,59.12712597883855
2025-05-30 23:36:12.958842,43.490019251307615
2025-05-30 23:36:42.958842,30.320699417067182
2025-05-30 23:37:12.958842,57.78551718608982
2025-05-30 23:37:42.958842,26.410432297676948
2025-05-30 23:38:12.958842,49.67962755081981
2025-05-30 23:38:42.958842,54.60506654244861
2025-05-30 23:39:12.958842,58.28897028625329
2025-05-30 23:39:42.958842,53.757238180549244
2025-05-30 23:40:12.958842,51.25115351050903
2025-05-30 23:40:42.958842,53.72750865952075
2025-05-30 23:41:12.958842,41.1037371482019
2025-05-30 23:41:42.958842,40.73840140176016
2025-05-30 23:42:12.958842,39.21389131831149
2025-05-30 23:42:42.958842,41.84989757830946
2025-05-30 23:43:12.958842,57.032869555739694
2025-05-30 23:43:42.958842,65.79250436419589
2025-05-30 23:44:12.958842,41.57125925535087
2025-05-30 23:44:42.958842,40.9325501679628
2025-05-30 23:45:12.958842,47.348561405041714
2025-05-30 23:45:42.958842,27.613585992204378
2025-05-30 23:46:12.958842,36.63053559678856
2025-05-30 23:46:42.958842,41.34812330375466
2025-05-30 23:47:12.958842,57.92832612295948
2025-05-30 23:47:42.958842,61.92700442745
2025-05-30 23:48:12.958842,54.40366882481976
2025-05-30 23:48:42.958842,43.55048972394705
2025-05-30 23:49:12.958842,52.49439167738383
2025-05-30 23:49:42.958842,56.062593351266386
2025-05-30 23:50:12.958842,58.70234586896479
2025-05-30 23:50:42.958842,61.96832690902637
2025-05-30 23:51:12.958842,52.21964294090369
2025-05-30 23:51:42.958842,69.62255953633093
2025-05-30 23:52:12.958842,62.39180138183283
2025-05-30 23:52:42.958842,29.7631140421526
2025-05-30 23:53:12.958842,50.8783551484997
2025-05-30 23:53:42.958842,60.93837517247853
2025-05-30 23:54:12.958842,62.13987175437372
2025-05-30 23:54:42.958842,41.6360743825539
2025-05-30 23:55:12.958842,58.430523945064856
2025-05-30 23:55:42.958842,60.11058039548979
